13.592,15.41,17.304,19.243,21.193,23.118,24.976,26.727,28.327,29.739,30.926,31.857,32.509,32.864,32.915,32.662,32.117,31.296,30.227,28.943,27.48,25.882,24.192,22.456,20.715,19.013,17.385,15.867,14.485,13.262,12.216,11.356,10.688,10.212,9.923,9.812,9.865,10.066,10.395,10.831,11.351,11.929,12.542,13.165,13.775,14.348,14.865,15.306,15.656,15.902,16.036,16.05,15.942,15.714,15.368,14.913,14.357,13.713,12.993,12.214
15.635,17.727,19.904,22.135,24.379,26.593,28.731,30.745,32.587,34.212,35.578,36.65,37.401,37.811,37.872,37.584,36.959,36.018,34.791,33.317,31.638,29.804,27.864,25.869,23.87,21.914,20.043,18.297,16.707,15.298,14.09,13.095,12.32,11.763,11.42,11.28,11.328,11.544,11.908,12.395,12.978,13.631,14.325,15.032,15.726,16.382,16.975,17.484,17.892,18.183,18.347,18.376,18.266,18.019,17.638,17.13,16.506,15.78,14.966,14.08
17.806,20.188,22.669,25.209,27.765,30.287,32.722,35.016,37.115,38.966,40.523,41.746,42.603,43.072,43.144,42.819,42.111,41.044,39.652,37.978,36.071,33.987,31.783,29.517,27.245,25.022,22.896,20.909,19.099,17.494,16.116,14.978,14.088,13.445,13.044,12.872,12.912,13.143,13.542,14.08,14.728,15.457,16.234,17.029,17.812,18.553,19.227,19.809,20.279,20.618,20.816,20.862,20.752,20.487,20.07,19.508,18.814,18.002,17.088,16.091
20.077,22.763,25.56,28.424,31.306,34.151,36.897,39.485,41.852,43.941,45.698,47.079,48.048,48.58,48.665,48.303,47.51,46.312,44.749,42.868,40.727,38.385,35.908,33.361,30.807,28.308,25.916,23.682,21.644,19.836,18.282,16.996,15.987,15.255,14.792,14.585,14.615,14.86,15.292,15.881,16.595,17.4,18.262,19.146,20.019,20.849,21.606,22.263,22.797,23.189,23.422,23.488,23.38,23.097,22.644,22.028,21.262,20.362,19.344,18.231
22.412,25.411,28.533,31.731,34.949,38.125,41.192,44.081,46.725,49.059,51.023,52.568,53.653,54.252,54.351,53.953,53.075,51.746,50.009,47.92,45.539,42.936,40.183,37.351,34.512,31.733,29.074,26.588,24.321,22.308,20.575,19.14,18.01,17.186,16.659,16.416,16.435,16.692,17.156,17.794,18.572,19.453,20.398,21.371,22.334,23.252,24.093,24.826,25.426,25.87,26.142,26.229,26.123,25.825,25.336,24.665,23.826,22.835,21.712,20.48
24.77,28.085,31.536,35.071,38.628,42.139,45.53,48.725,51.649,54.231,56.405,58.116,59.32,59.987,60.104,59.672,58.711,57.252,55.345,53.049,50.432,47.571,44.543,41.431,38.31,35.254,32.331,29.598,27.104,24.888,22.98,21.397,20.148,19.233,18.643,18.363,18.369,18.635,19.129,19.814,20.653,21.605,22.631,23.689,24.739,25.744,26.667,27.475,28.14,28.637,28.946,29.054,28.952,28.638,28.114,27.389,26.477,25.395,24.165,22.811
27.105,30.732,34.509,38.377,42.271,46.113,49.825,53.323,56.525,59.354,61.737,63.614,64.938,65.675,65.812,65.351,64.311,62.729,60.658,58.163,55.319,52.208,48.918,45.534,42.143,38.822,35.645,32.675,29.964,27.556,25.479,23.755,22.393,21.391,20.74,20.423,20.417,20.69,21.209,21.936,22.831,23.849,24.949,26.087,27.219,28.304,29.304,30.184,30.91,31.457,31.803,31.932,31.833,31.503,30.944,30.166,29.18,28.007,26.67,25.194
29.364,33.294,37.386,41.578,45.797,49.962,53.985,57.777,61.25,64.318,66.905,68.945,70.387,71.196,71.356,70.87,69.759,68.064,65.841,63.161,60.106,56.763,53.228,49.593,45.949,42.383,38.972,35.783,32.873,30.287,28.057,26.203,24.737,23.655,22.948,22.597,22.577,22.855,23.396,24.16,25.102,26.179,27.344,28.551,29.756,30.913,31.983,32.926,33.708,34.3,34.678,34.824,34.727,34.381,33.787,32.955,31.898,30.635,29.191,27.594
31.496,35.712,40.102,44.6,49.126,53.594,57.912,61.983,65.712,69.009,71.79,73.987,75.544,76.425,76.611,76.107,74.936,73.142,70.785,67.94,64.696,61.147,57.393,53.534,49.667,45.883,42.265,38.884,35.8,33.059,30.695,28.73,27.173,26.023,25.267,24.886,24.853,25.134,25.691,26.483,27.464,28.588,29.806,31.071,32.335,33.552,34.679,35.675,36.503,37.133,37.537,37.695,37.596,37.231,36.602,35.716,34.588,33.237,31.689,29.974
33.448,37.925,42.589,47.366,52.174,56.922,61.51,65.838,69.803,73.311,76.273,78.617,80.284,81.235,81.452,80.939,79.722,77.847,75.378,72.395,68.992,65.269,61.332,57.286,53.233,49.269,45.481,41.943,38.717,35.851,33.38,31.327,29.698,28.493,27.699,27.294,27.249,27.531,28.099,28.91,29.917,31.073,32.329,33.635,34.942,36.202,37.371,38.405,39.267,39.922,40.342,40.506,40.398,40.012,39.345,38.406,37.207,35.771,34.122,32.293
35.169,39.877,44.781,49.805,54.863,59.858,64.687,69.242,73.418,77.114,80.24,82.718,84.487,85.507,85.759,85.248,84.002,82.068,79.515,76.428,72.903,69.047,64.97,60.782,56.589,52.491,48.578,44.926,41.598,38.645,36.101,33.987,32.311,31.07,30.249,29.828,29.775,30.054,30.625,31.445,32.465,33.637,34.911,36.238,37.567,38.849,40.04,41.093,41.971,42.636,43.06,43.219,43.096,42.682,41.974,40.98,39.714,38.194,36.449,34.51
36.611,41.514,46.62,51.853,57.121,62.324,67.355,72.104,76.459,80.318,83.586,86.182,88.044,89.13,89.423,88.926,87.67,85.704,83.1,79.947,76.345,72.404,68.238,63.961,59.683,55.505,51.52,47.804,44.424,41.427,38.848,36.707,35.011,33.756,32.926,32.497,32.439,32.714,33.281,34.096,35.112,36.28,37.551,38.874,40.2,41.481,42.668,43.719,44.591,45.248,45.66,45.8,45.651,45.201,44.449,43.398,42.063,40.463,38.626,36.584
37.736,42.79,48.055,53.451,58.884,64.252,69.444,74.346,78.846,82.836,86.22,88.916,90.861,92.012,92.35,91.881,90.637,88.669,86.052,82.876,79.246,75.274,71.077,66.772,62.47,58.274,54.277,50.556,47.176,44.185,41.616,39.488,37.805,36.56,35.739,35.314,35.254,35.522,36.077,36.874,37.868,39.009,40.251,41.544,42.838,44.087,45.244,46.264,47.106,47.732,48.111,48.216,48.028,47.533,46.729,45.619,44.216,42.539,40.615,38.477
38.512,43.671,49.046,54.556,60.105,65.588,70.894,75.906,80.511,84.599,88.073,90.85,92.865,94.076,94.466,94.041,92.832,90.895,88.305,85.155,81.551,77.608,73.444,69.177,64.918,60.771,56.828,53.165,49.846,46.916,44.406,42.332,40.697,39.492,38.698,38.29,38.234,38.493,39.026,39.791,40.741,41.832,43.016,44.247,45.478,46.663,47.756,48.715,49.497,50.067,50.39,50.44,50.197,49.646,48.782,47.608,46.135,44.383,42.377,40.152
38.916,44.132,49.566,55.136,60.748,66.296,71.666,76.743,81.411,85.561,89.096,91.932,94.005,95.274,95.721,95.355,94.208,92.336,89.816,86.743,83.223,79.372,75.308,71.149,67.005,62.979,59.16,55.624,52.428,49.618,47.219,45.245,43.696,42.56,41.816,41.438,41.391,41.639,42.141,42.857,43.742,44.755,45.852,46.988,48.12,49.205,50.199,51.062,51.752,52.235,52.476,52.449,52.132,51.51,50.576,49.333,47.789,45.964,43.882,41.577
38.939,44.16,49.6,55.178,60.799,66.358,71.742,76.836,81.524,85.7,89.265,92.139,94.257,95.58,96.091,95.801,94.741,92.97,90.566,87.622,84.245,80.551,76.657,72.678,68.723,64.891,61.269,57.928,54.923,52.292,50.059,48.232,46.808,45.773,45.103,44.769,44.737,44.971,45.432,46.082,46.88,47.787,48.763,49.769,50.765,51.711,52.568,53.297,53.861,54.224,54.355,54.225,53.814,53.104,52.089,50.769,49.151,47.254,45.101,42.725
38.582,43.757,49.151,54.682,60.259,65.776,71.123,76.187,80.853,85.018,88.584,91.474,93.624,94.998,95.58,95.381,94.436,92.802,90.556,87.794,84.62,81.148,77.493,73.766,70.074,66.512,63.16,60.084,57.334,54.944,52.931,51.299,50.041,49.137,48.563,48.288,48.278,48.496,48.906,49.472,50.159,50.931,51.753,52.592,53.413,54.181,54.861,55.418,55.817,56.027,56.015,55.756,55.227,54.413,53.303,51.898,50.203,48.235,46.016,43.577
37.857,42.937,48.234,53.668,59.148,64.572,69.834,74.821,79.425,83.543,87.082,89.966,92.137,93.558,94.218,94.126,93.32,91.858,89.815,87.285,84.371,81.184,77.835,74.432,71.075,67.853,64.841,62.098,59.669,57.578,55.839,54.449,53.394,52.654,52.199,51.996,52.013,52.213,52.562,53.028,53.58,54.188,54.824,55.458,56.065,56.613,57.075,57.42,57.617,57.637,57.451,57.034,56.365,55.426,54.207,52.707,50.931,48.892,46.611,44.118
36.789,41.729,46.881,52.168,57.503,62.787,67.917,72.786,77.289,81.327,84.813,87.673,89.852,91.318,92.06,92.092,91.449,90.19,88.39,86.14,83.54,80.698,77.718,74.703,71.748,68.934,66.329,63.984,61.934,60.199,58.783,57.678,56.865,56.316,56.002,55.886,55.934,56.114,56.392,56.742,57.136,57.552,57.968,58.363,58.716,59.005,59.208,59.301,59.258,59.053,58.66,58.057,57.222,56.139,54.797,53.193,51.33,49.22,46.882,44.342
35.41,40.17,45.134,50.231,55.377,60.479,65.436,70.148,74.516,78.445,81.852,84.671,86.849,88.357,89.187,89.355,88.897,87.87,86.349,84.422,82.185,79.739,77.185,74.619,72.126,69.781,67.641,65.751,64.136,62.807,61.76,60.98,60.44,60.111,59.955,59.938,60.023,60.18,60.378,60.596,60.811,61.009,61.174,61.295,61.358,61.351,61.257,61.059,60.739,60.274,59.644,58.826,57.802,56.556,55.076,53.357,51.403,49.221,46.828,44.25
33.765,38.308,43.048,47.918,52.837,57.719,62.469,66.991,71.193,74.988,78.297,81.058,83.226,84.774,85.697,86.012,85.757,84.988,83.777,82.208,80.375,78.371,76.292,74.224,72.245,70.42,68.798,67.411,66.277,65.397,64.758,64.336,64.099,64.011,64.031,64.123,64.249,64.38,64.491,64.561,64.579,64.534,64.421,64.237,63.978,63.638,63.212,62.69,62.058,61.302,60.404,59.346,58.11,56.682,55.05,53.208,51.156,48.902,46.459,43.849
31.902,36.199,40.685,45.297,49.959,54.591,59.104,63.41,67.423,71.062,74.256,76.948,79.097,80.683,81.702,82.174,82.136,81.643,80.767,79.586,78.189,76.663,75.097,73.567,72.143,70.879,69.814,68.971,68.355,67.958,67.757,67.72,67.809,67.98,68.189,68.397,68.567,68.671,68.686,68.598,68.401,68.094,67.679,67.164,66.553,65.852,65.063,64.185,63.212,62.136,60.945,59.623,58.156,56.529,54.733,52.759,50.606,48.279,45.789,43.155
29.874,33.903,38.113,42.444,46.827,51.185,55.44,59.51,63.315,66.783,69.848,72.462,74.587,76.208,77.325,77.959,78.148,77.946,77.421,76.648,75.71,74.688,73.661,72.698,71.857,71.183,70.704,70.431,70.359,70.469,70.728,71.096,71.525,71.968,72.376,72.706,72.921,72.995,72.908,72.653,72.229,71.643,70.908,70.04,69.055,67.968,66.792,65.533,64.196,62.777,61.27,59.665,57.95,56.112,54.141,52.028,49.771,47.372,44.839,42.187
27.736,31.485,35.403,39.438,43.525,47.597,51.579,55.399,58.984,62.27,65.198,67.726,69.824,71.478,72.693,73.492,73.912,74.008,73.843,73.489,73.023,72.518,72.044,71.663,71.422,71.354,71.475,71.787,72.273,72.902,73.632,74.415,75.194,75.915,76.525,76.979,77.241,77.283,77.091,76.661,76.001,75.126,74.058,72.823,71.448,69.959,68.377,66.721,65,63.222,61.384,59.482,57.507,55.448,53.294,51.039,48.676,46.205,43.633,40.971
25.545,29.005,32.625,36.356,40.141,43.918,47.621,51.185,54.544,57.642,60.429,62.867,64.933,66.618,67.93,68.892,69.545,69.938,70.135,70.201,70.207,70.221,70.303,70.505,70.865,71.404,72.128,73.026,74.07,75.219,76.422,77.619,78.748,79.748,80.561,81.139,81.445,81.454,81.154,80.547,79.647,78.478,77.071,75.462,73.689,71.788,69.792,67.728,65.615,63.467,61.29,59.082,56.84,54.554,52.215,49.815,47.346,44.808,42.201,39.535
23.354,26.526,29.847,33.275,36.758,40.24,43.664,46.971,50.104,53.014,55.658,58.005,60.037,61.75,63.155,64.277,65.155,65.84,66.39,66.868,67.338,67.86,68.487,69.26,70.208,71.342,72.655,74.127,75.718,77.377,79.041,80.644,82.115,83.387,84.397,85.096,85.445,85.419,85.011,84.227,83.089,81.626,79.882,77.9,75.729,73.417,71.006,68.532,66.026,63.507,60.988,58.474,55.963,53.45,50.926,48.383,45.812,43.21,40.575,37.912
21.21,24.101,27.131,30.263,33.45,36.645,39.796,42.852,45.764,48.49,50.993,53.25,55.247,56.984,58.476,59.75,60.844,61.807,62.695,63.567,64.48,65.488,66.636,67.955,69.465,71.167,73.044,75.064,77.177,79.322,81.428,83.418,85.215,86.746,87.944,88.757,89.144,89.083,88.569,87.613,86.241,84.494,82.419,80.074,77.515,74.801,71.983,69.109,66.216,63.333,60.479,57.664,54.891,52.156,49.452,46.771,44.104,41.444,38.787,36.135
19.158,21.78,24.532,27.381,30.286,33.207,36.097,38.913,41.613,44.162,46.53,48.699,50.66,52.418,53.99,55.403,56.697,57.92,59.123,60.361,61.687,63.148,64.781,66.609,68.643,70.873,73.275,75.804,78.402,80.999,83.515,85.865,87.965,89.735,91.107,92.024,92.446,92.35,91.734,90.613,89.02,87,84.613,81.921,78.992,75.894,72.689,69.432,66.169,62.938,59.763,56.66,53.636,50.689,47.816,45.006,42.251,39.541,36.871,34.237
17.235,19.605,22.096,24.68,27.323,29.986,32.632,35.224,37.726,40.108,42.349,44.433,46.358,48.132,49.773,51.312,52.786,54.243,55.731,57.301,59.002,60.873,62.944,65.233,67.74,70.448,73.322,76.312,79.348,82.352,85.237,87.911,90.283,92.269,93.796,94.805,95.255,95.125,94.413,93.139,91.34,89.069,86.391,83.378,80.107,76.653,73.087,69.473,65.867,62.311,58.838,55.467,52.21,49.069,46.041,43.115,40.284,37.535,34.86,32.253
15.468,17.607,19.861,22.202,24.603,27.032,29.454,31.84,34.16,36.389,38.511,40.516,42.405,44.189,45.889,47.535,49.166,50.827,52.564,54.425,56.453,58.682,61.138,63.829,66.749,69.874,73.161,76.55,79.968,83.326,86.532,89.486,92.094,94.266,95.926,97.013,97.484,97.32,96.521,95.108,93.125,90.628,87.69,84.388,80.809,77.034,73.144,69.209,65.293,61.445,57.702,54.091,50.627,47.313,44.148,41.124,38.23,35.455,32.786,30.215
13.879,15.812,17.851,19.976,22.161,24.378,26.601,28.802,30.957,33.048,35.062,36.993,38.845,40.633,42.378,44.112,45.874,47.705,49.651,51.756,54.059,56.589,59.366,62.394,65.66,69.132,72.763,76.485,80.219,83.871,87.342,90.528,93.329,95.654,97.422,98.57,99.057,98.86,97.983,96.45,94.307,91.615,88.451,84.9,81.054,77.002,72.83,68.618,64.433,60.332,56.357,52.539,48.896,45.437,42.159,39.056,36.118,33.329,30.678,28.152
12.48,14.232,16.084,18.019,20.015,22.047,24.094,26.133,28.144,30.111,32.027,33.89,35.706,37.49,39.267,41.068,42.93,44.896,47.008,49.306,51.826,54.595,57.627,60.92,64.457,68.203,72.103,76.085,80.065,83.945,87.62,90.985,93.935,96.375,98.223,99.416,99.91,99.683,98.74,97.106,94.83,91.978,88.629,84.874,80.808,76.528,72.125,67.683,63.277,58.968,54.803,50.817,47.032,43.457,40.093,36.934,33.97,31.184,28.563,26.093
11.277,12.874,14.567,16.339,18.172,20.047,21.944,23.843,25.728,27.589,29.418,31.218,32.996,34.77,36.563,38.408,40.342,42.404,44.635,47.074,49.753,52.695,55.911,59.396,63.128,67.069,71.159,75.325,79.478,83.516,87.333,90.82,93.871,96.388,98.289,99.507,100,99.746,98.749,97.037,94.659,91.682,88.192,84.281,80.048,75.593,71.013,66.396,61.822,57.354,53.046,48.934,45.044,41.388,37.968,34.779,31.809,29.043,26.466,24.06
10.268,11.736,13.295,14.932,16.631,18.374,20.145,21.926,23.706,25.475,27.228,28.97,30.709,32.464,34.259,36.126,38.099,40.219,42.525,45.051,47.829,50.879,54.208,57.81,61.659,65.716,69.918,74.19,78.44,82.567,86.462,90.014,93.116,95.672,97.595,98.821,99.305,99.026,97.989,96.22,93.771,90.711,87.125,83.108,78.762,74.189,69.49,64.755,60.067,55.494,51.092,46.901,42.947,39.246,35.801,32.608,29.655,26.927,24.406,22.075
9.444,10.808,12.26,13.788,15.377,17.014,18.682,20.368,22.06,23.751,25.438,27.126,28.825,30.553,32.334,34.199,36.183,38.324,40.658,43.22,46.038,49.131,52.504,56.149,60.04,64.135,68.371,72.672,76.947,81.093,85.002,88.563,91.67,94.223,96.141,97.356,97.823,97.523,96.458,94.657,92.169,89.065,85.429,81.358,76.954,72.322,67.562,62.767,58.023,53.4,48.954,44.73,40.755,37.046,33.609,30.438,27.525,24.852,22.402,20.155
8.793,10.075,11.443,12.886,14.39,15.943,17.53,19.139,20.76,22.386,24.016,25.654,27.311,29.003,30.756,32.599,34.564,36.69,39.01,41.558,44.361,47.435,50.787,54.405,58.265,62.324,66.52,70.778,75.007,79.106,82.968,86.484,89.548,92.063,93.947,95.133,95.577,95.258,94.179,92.368,89.873,86.764,83.124,79.05,74.643,70.008,65.245,60.45,55.706,51.085,46.648,42.437,38.483,34.804,31.406,28.286,25.434,22.834,20.468,18.315
8.296,9.518,10.823,12.201,13.642,15.131,16.656,18.206,19.77,21.343,22.923,24.513,26.125,27.775,29.485,31.285,33.206,35.282,37.55,40.038,42.774,45.774,49.043,52.571,56.333,60.287,64.375,68.521,72.639,76.63,80.389,83.809,86.788,89.23,91.054,92.195,92.609,92.274,91.194,89.395,86.923,83.846,80.246,76.218,71.861,67.278,62.568,57.827,53.138,48.574,44.193,40.041,36.149,32.536,29.209,26.165,23.396,20.885,18.615,16.564
7.934,9.112,10.372,11.705,13.099,14.543,16.023,17.527,19.047,20.575,22.111,23.656,25.22,26.82,28.475,30.213,32.065,34.064,36.243,38.632,41.256,44.131,47.263,50.643,54.247,58.036,61.954,65.929,69.878,73.705,77.31,80.589,83.444,85.781,87.522,88.603,88.981,88.635,87.565,85.797,83.377,80.367,76.848,72.91,68.651,64.172,59.568,54.934,50.351,45.891,41.613,37.563,33.771,30.258,27.031,24.088,21.421,19.016,16.852,14.911
7.683,8.832,10.062,11.364,12.728,14.139,15.586,17.058,18.543,20.034,21.529,23.03,24.545,26.086,27.676,29.337,31.1,32.995,35.056,37.31,39.783,42.49,45.439,48.622,52.018,55.59,59.285,63.037,66.766,70.382,73.789,76.888,79.585,81.791,83.428,84.437,84.774,84.418,83.37,81.652,79.307,76.396,72.993,69.187,65.071,60.741,56.291,51.811,47.38,43.07,38.937,35.026,31.37,27.987,24.886,22.067,19.52,17.233,15.186,13.361
7.521,8.651,9.863,11.146,12.489,13.88,15.305,16.751,18.208,19.668,21.126,22.582,24.044,25.522,27.036,28.607,30.263,32.035,33.952,36.044,38.334,40.839,43.568,46.514,49.659,52.971,56.401,59.887,63.355,66.721,69.894,72.781,75.293,77.344,78.862,79.788,80.08,79.718,78.701,77.048,74.8,72.014,68.76,65.121,61.186,57.045,52.79,48.504,44.267,40.144,36.193,32.456,28.965,25.74,22.788,20.111,17.7,15.543,13.621,11.916
7.423,8.543,9.745,11.017,12.348,13.724,15.133,16.561,17.994,19.425,20.847,22.259,23.665,25.075,26.505,27.976,29.513,31.144,32.9,34.807,36.891,39.168,41.647,44.326,47.19,50.209,53.341,56.529,59.705,62.79,65.701,68.352,70.656,72.536,73.921,74.756,75.001,74.635,73.656,72.082,69.95,67.31,64.231,60.789,57.066,53.148,49.121,45.066,41.055,37.153,33.414,29.879,26.579,23.533,20.75,18.231,15.968,13.95,12.159,10.578
7.367,8.482,9.678,10.944,12.267,13.634,15.031,16.442,17.855,19.258,20.644,22.01,23.357,24.695,26.035,27.398,28.806,30.287,31.868,33.577,35.437,37.468,39.679,42.071,44.632,47.337,50.148,53.015,55.876,58.661,61.291,63.686,65.769,67.465,68.709,69.448,69.644,69.277,68.343,66.858,64.854,62.38,59.495,56.271,52.785,49.117,45.346,41.547,37.79,34.134,30.632,27.321,24.233,21.384,18.785,16.435,14.33,12.457,10.802,9.346
7.332,8.445,9.637,10.897,12.215,13.574,14.959,16.354,17.746,19.121,20.47,21.788,23.075,24.336,25.583,26.833,28.108,29.431,30.831,32.333,33.961,35.736,37.669,39.762,42.008,44.386,46.865,49.399,51.934,54.405,56.743,58.875,60.727,62.232,63.33,63.97,64.117,63.751,62.867,61.478,59.613,57.316,54.64,51.652,48.421,45.021,41.525,38.002,34.518,31.128,27.879,24.809,21.946,19.308,16.902,14.731,12.789,11.066,9.548,8.217
7.3,8.409,9.596,10.852,12.161,13.511,14.883,16.261,17.629,18.974,20.284,21.551,22.775,23.959,25.111,26.246,27.384,28.549,29.765,31.058,32.454,33.97,35.622,37.415,39.344,41.393,43.536,45.734,47.939,50.095,52.138,54.002,55.622,56.935,57.885,58.426,58.525,58.161,57.33,56.043,54.323,52.21,49.753,47.01,44.045,40.924,37.716,34.482,31.283,28.169,25.186,22.367,19.739,17.318,15.113,13.125,11.349,9.777,8.396,7.189
7.255,8.357,9.537,10.784,12.083,13.418,14.773,16.131,17.472,18.783,20.051,21.266,22.425,23.529,24.586,25.607,26.61,27.618,28.653,29.742,30.909,32.173,33.55,35.047,36.665,38.391,40.204,42.072,43.953,45.797,47.549,49.15,50.54,51.663,52.468,52.912,52.965,52.606,51.831,50.647,49.075,47.15,44.914,42.42,39.726,36.89,33.974,31.034,28.126,25.295,22.582,20.018,17.629,15.428,13.425,11.621,10.012,8.59,7.343,6.257
7.184,8.275,9.443,10.675,11.958,13.275,14.608,15.938,17.249,18.522,19.744,20.904,21.997,23.021,23.983,24.893,25.765,26.622,27.484,28.377,29.324,30.346,31.46,32.676,33.996,35.412,36.908,38.459,40.028,41.572,43.044,44.391,45.559,46.5,47.165,47.517,47.526,47.174,46.455,45.374,43.95,42.212,40.197,37.951,35.526,32.973,30.349,27.703,25.084,22.534,20.091,17.782,15.63,13.648,11.846,10.224,8.779,7.503,6.387,5.418
7.077,8.151,9.3,10.512,11.772,13.063,14.368,15.666,16.939,18.17,19.342,20.445,21.47,22.416,23.286,24.088,24.837,25.55,26.25,26.959,27.702,28.498,29.366,30.318,31.359,32.485,33.685,34.937,36.212,37.475,38.682,39.789,40.749,41.516,42.05,42.316,42.285,41.942,41.279,40.3,39.02,37.464,35.664,33.661,31.498,29.223,26.883,24.524,22.188,19.914,17.734,15.675,13.755,11.987,10.38,8.935,7.648,6.514,5.524,4.665
6.927,7.979,9.102,10.286,11.516,12.774,14.042,15.301,16.531,17.714,18.833,19.876,20.833,21.702,22.483,23.184,23.817,24.398,24.948,25.49,26.045,26.636,27.28,27.991,28.777,29.637,30.564,31.542,32.547,33.549,34.512,35.397,36.164,36.772,37.185,37.371,37.306,36.973,36.365,35.484,34.343,32.962,31.369,29.598,27.687,25.678,23.612,21.528,19.465,17.456,15.53,13.71,12.013,10.451,9.031,7.755,6.62,5.621,4.749,3.994
6.732,7.754,8.844,9.992,11.184,12.401,13.626,14.839,16.02,17.149,18.211,19.192,20.081,20.874,21.571,22.178,22.705,23.167,23.583,23.974,24.362,24.769,25.214,25.71,26.268,26.89,27.572,28.304,29.065,29.832,30.574,31.259,31.85,32.314,32.617,32.733,32.637,32.316,31.762,30.975,29.966,28.75,27.352,25.801,24.128,22.37,20.562,18.74,16.935,15.176,13.49,11.897,10.411,9.044,7.801,6.684,5.691,4.818,4.057,3.4
6.491,7.475,8.526,9.631,10.776,11.945,13.119,14.279,15.404,16.476,17.478,18.395,19.216,19.937,20.555,21.074,21.505,21.861,22.159,22.419,22.663,22.91,23.18,23.49,23.849,24.262,24.73,25.245,25.791,26.35,26.897,27.403,27.839,28.175,28.382,28.436,28.316,28.008,27.505,26.807,25.921,24.86,23.643,22.296,20.845,19.321,17.754,16.174,14.609,13.085,11.623,10.24,8.952,7.766,6.688,5.719,4.859,4.103,3.445,2.877
6.207,7.147,8.15,9.204,10.297,11.41,12.527,13.627,14.692,15.702,16.64,17.492,18.246,18.897,19.441,19.883,20.229,20.492,20.689,20.837,20.957,21.07,21.193,21.344,21.533,21.77,22.054,22.382,22.743,23.122,23.5,23.852,24.153,24.378,24.502,24.503,24.364,24.071,23.617,23.002,22.229,21.31,20.26,19.1,17.853,16.543,15.198,13.841,12.497,11.187,9.931,8.743,7.636,6.616,5.69,4.858,4.119,3.47,2.905,2.419
5.882,6.773,7.722,8.72,9.752,10.804,11.857,12.892,13.892,14.836,15.709,16.495,17.184,17.768,18.245,18.617,18.889,19.074,19.185,19.241,19.26,19.262,19.264,19.284,19.334,19.423,19.554,19.725,19.931,20.159,20.393,20.614,20.801,20.933,20.987,20.946,20.792,20.516,20.108,19.568,18.899,18.109,17.211,16.221,15.158,14.043,12.897,11.743,10.599,9.484,8.415,7.404,6.461,5.593,4.804,4.095,3.466,2.914,2.434,2.02
5.524,6.36,7.251,8.186,9.154,10.138,11.122,12.089,13.019,13.895,14.701,15.422,16.047,16.569,16.984,17.293,17.503,17.622,17.664,17.646,17.584,17.498,17.405,17.321,17.259,17.229,17.236,17.281,17.36,17.463,17.58,17.693,17.786,17.84,17.838,17.763,17.6,17.341,16.977,16.506,15.931,15.257,14.494,13.656,12.758,11.817,10.851,9.877,8.912,7.973,7.071,6.218,5.422,4.689,4.024,3.426,2.895,2.429,2.024,1.676
5.14,5.917,6.745,7.614,8.512,9.425,10.337,11.231,12.09,12.896,13.635,14.291,14.854,15.317,15.677,15.932,16.089,16.155,16.143,16.067,15.944,15.792,15.626,15.463,15.315,15.194,15.105,15.05,15.028,15.033,15.055,15.082,15.099,15.092,15.045,14.945,14.779,14.537,14.214,13.806,13.314,12.743,12.101,11.397,10.645,9.857,9.05,8.236,7.43,6.645,5.891,5.178,4.512,3.9,3.343,2.843,2.399,2.01,1.672,1.381
4.737,5.453,6.215,7.015,7.841,8.68,9.518,10.338,11.123,11.859,12.53,13.123,13.628,14.036,14.345,14.554,14.667,14.692,14.639,14.521,14.354,14.154,13.937,13.717,13.508,13.319,13.159,13.029,12.931,12.86,12.809,12.769,12.729,12.675,12.595,12.477,12.311,12.088,11.802,11.45,11.032,10.552,10.015,9.429,8.804,8.151,7.482,6.808,6.141,5.49,4.866,4.275,3.724,3.217,2.755,2.341,1.973,1.651,1.371,1.13
4.324,4.977,5.672,6.401,7.154,7.918,8.68,9.425,10.138,10.804,11.409,11.94,12.389,12.747,13.011,13.18,13.258,13.251,13.169,13.023,12.827,12.597,12.346,12.089,11.838,11.604,11.394,11.212,11.059,10.933,10.829,10.74,10.656,10.568,10.465,10.337,10.174,9.97,9.718,9.417,9.065,8.664,8.218,7.734,7.219,6.682,6.132,5.579,5.031,4.497,3.985,3.5,3.048,2.631,2.252,1.912,1.61,1.345,1.115,0.918
3.909,4.498,5.126,5.785,6.464,7.154,7.841,8.511,9.152,9.749,10.29,10.763,11.158,11.471,11.695,11.831,11.881,11.851,11.749,11.587,11.375,11.128,10.86,10.582,10.308,10.046,9.805,9.589,9.4,9.237,9.096,8.973,8.86,8.75,8.632,8.499,8.343,8.157,7.938,7.68,7.385,7.052,6.685,6.289,5.868,5.43,4.982,4.532,4.086,3.652,3.235,2.841,2.473,2.134,1.826,1.549,1.303,1.088,0.901,0.74
3.499,4.027,4.588,5.177,5.785,6.401,7.014,7.612,8.182,8.713,9.192,9.61,9.956,10.226,10.416,10.524,10.553,10.508,10.395,10.225,10.008,9.757,9.483,9.199,8.915,8.642,8.385,8.15,7.94,7.755,7.593,7.449,7.318,7.193,7.068,6.935,6.788,6.622,6.431,6.213,5.966,5.692,5.392,5.069,4.728,4.374,4.012,3.649,3.29,2.94,2.604,2.286,1.989,1.716,1.468,1.244,1.046,0.872,0.721,0.592
3.101,3.569,4.067,4.588,5.126,5.671,6.213,6.742,7.245,7.713,8.134,8.499,8.8,9.032,9.191,9.277,9.29,9.235,9.118,8.948,8.734,8.487,8.219,7.939,7.658,7.384,7.124,6.884,6.666,6.471,6.297,6.143,6.003,5.873,5.746,5.618,5.481,5.333,5.168,4.984,4.78,4.555,4.311,4.051,3.777,3.492,3.203,2.912,2.625,2.346,2.078,1.824,1.587,1.368,1.17,0.991,0.833,0.694,0.573,0.47
2.722,3.132,3.569,4.026,4.498,4.975,5.45,5.913,6.353,6.761,7.127,7.444,7.704,7.902,8.035,8.102,8.103,8.044,7.928,7.764,7.56,7.324,7.068,6.801,6.531,6.266,6.013,5.777,5.561,5.365,5.19,5.033,4.892,4.762,4.639,4.517,4.393,4.261,4.12,3.966,3.797,3.615,3.418,3.209,2.99,2.764,2.535,2.304,2.077,1.855,1.643,1.442,1.254,1.082,0.924,0.783,0.657,0.547,0.452,0.37
