11.898,13.603,15.401,17.266,19.169,21.074,22.943,24.735,26.407,27.92,29.233,30.312,31.126,31.654,31.88,31.798,31.41,30.73,29.775,28.573,27.157,25.564,23.835,22.01,20.132,18.238,16.366,14.547,12.807,11.169,9.648,8.255,6.997,5.875,4.887,4.027,3.287,2.658,2.129,1.69,1.329,1.035,0.799,0.611,0.463,0.347,0.258,0.19,0.139,0.101,0.072,0.051,0.036,0.025,0.018,0.012,0.008,0.006,0.004,0.003
13.573,15.519,17.571,19.701,21.873,24.049,26.184,28.232,30.144,31.874,33.377,34.612,35.546,36.153,36.416,36.327,35.89,35.117,34.031,32.663,31.049,29.233,27.26,25.178,23.034,20.872,18.733,16.654,14.666,12.793,11.054,9.461,8.022,6.737,5.606,4.62,3.773,3.052,2.446,1.942,1.527,1.19,0.919,0.703,0.533,0.401,0.298,0.22,0.161,0.117,0.084,0.06,0.042,0.03,0.021,0.014,0.01,0.007,0.004,0.003
15.331,17.53,19.849,22.256,24.713,27.173,29.588,31.905,34.069,36.028,37.731,39.132,40.193,40.885,41.187,41.092,40.604,39.735,38.513,36.97,35.15,33.1,30.872,28.52,26.097,23.652,21.233,18.881,16.631,14.511,12.542,10.738,9.107,7.651,6.368,5.251,4.289,3.471,2.783,2.211,1.74,1.357,1.048,0.803,0.609,0.458,0.341,0.252,0.184,0.134,0.096,0.069,0.049,0.034,0.024,0.017,0.011,0.008,0.005,0.004
17.145,19.606,22.201,24.895,27.645,30.4,33.104,35.7,38.126,40.322,42.232,43.806,44.999,45.779,46.124,46.025,45.484,44.518,43.156,41.434,39.401,37.111,34.62,31.989,29.277,26.541,23.832,21.198,18.677,16.3,14.092,12.069,10.239,8.606,7.165,5.91,4.83,3.911,3.137,2.493,1.963,1.532,1.185,0.908,0.689,0.519,0.387,0.286,0.21,0.153,0.11,0.079,0.056,0.039,0.028,0.019,0.013,0.009,0.006,0.004
18.986,21.712,24.587,27.573,30.62,33.674,36.673,39.552,42.244,44.683,46.805,48.554,49.883,50.755,51.144,51.042,50.45,49.387,47.884,45.982,43.734,41.2,38.443,35.529,32.525,29.492,26.49,23.568,20.771,18.133,15.682,13.435,11.403,9.587,7.986,6.591,5.388,4.365,3.504,2.786,2.196,1.715,1.327,1.018,0.774,0.583,0.436,0.323,0.237,0.173,0.125,0.09,0.064,0.045,0.032,0.022,0.016,0.011,0.007,0.005
20.817,23.807,26.962,30.237,33.582,36.934,40.227,43.389,46.346,49.027,51.361,53.288,54.753,55.718,56.154,56.05,55.409,54.251,52.609,50.53,48.07,45.294,42.272,39.078,35.782,32.455,29.159,25.95,22.878,19.98,17.285,14.815,12.579,10.581,8.818,7.281,5.957,4.828,3.878,3.087,2.435,1.903,1.474,1.132,0.862,0.651,0.487,0.362,0.266,0.195,0.141,0.102,0.073,0.052,0.037,0.026,0.018,0.013,0.009,0.006
22.602,25.849,29.275,32.834,36.468,40.111,43.691,47.129,50.347,53.265,55.808,57.908,59.509,60.566,61.049,60.946,60.26,59.011,57.236,54.985,52.32,49.31,46.032,42.564,38.986,35.371,31.789,28.3,24.959,21.806,18.873,16.183,13.747,11.57,9.648,7.971,6.526,5.294,4.256,3.39,2.677,2.095,1.625,1.25,0.953,0.721,0.541,0.403,0.297,0.218,0.159,0.115,0.083,0.059,0.042,0.03,0.021,0.015,0.011,0.008
24.3,27.791,31.476,35.304,39.214,43.134,46.988,50.691,54.157,57.301,60.044,62.312,64.044,65.191,65.722,65.622,64.895,63.563,61.665,59.253,56.393,53.163,49.642,45.916,42.068,38.18,34.326,30.571,26.972,23.575,20.415,17.514,14.886,12.537,10.461,8.65,7.087,5.755,4.631,3.694,2.92,2.289,1.779,1.371,1.048,0.794,0.598,0.446,0.331,0.244,0.179,0.13,0.094,0.068,0.049,0.035,0.025,0.018,0.013,0.01
25.872,29.589,33.513,37.59,41.755,45.933,50.04,53.988,57.685,61.041,63.971,66.396,68.251,69.485,70.063,69.969,69.208,67.802,65.792,63.234,60.198,56.765,53.022,49.058,44.963,40.823,36.717,32.715,28.878,25.254,21.881,18.783,15.976,13.465,11.245,9.307,7.633,6.205,5,3.994,3.163,2.484,1.934,1.494,1.145,0.871,0.658,0.493,0.368,0.272,0.201,0.147,0.108,0.079,0.057,0.042,0.03,0.022,0.016,0.012
27.279,31.199,35.336,39.636,44.029,48.436,52.771,56.939,60.845,64.392,67.491,70.059,72.028,73.342,73.965,73.881,73.093,71.625,69.519,66.834,63.645,60.034,56.095,51.92,47.606,43.241,38.91,34.687,30.636,26.808,23.243,19.968,16.998,14.339,11.987,9.932,8.157,6.64,5.359,4.289,3.403,2.679,2.092,1.621,1.247,0.952,0.722,0.545,0.408,0.305,0.226,0.167,0.124,0.091,0.067,0.05,0.037,0.027,0.02,0.015
28.489,32.58,36.9,41.39,45.978,50.583,55.113,59.47,63.555,67.268,70.514,73.208,75.277,76.665,77.332,77.261,76.455,74.939,72.756,69.967,66.651,62.893,58.789,54.437,49.937,45.382,40.859,36.447,32.212,28.209,24.478,21.047,17.935,15.147,12.679,10.52,8.653,7.057,5.707,4.578,3.642,2.875,2.253,1.752,1.353,1.039,0.792,0.601,0.454,0.342,0.256,0.192,0.143,0.107,0.08,0.06,0.045,0.034,0.026,0.02
29.47,33.7,38.166,42.808,47.554,52.317,57.005,61.516,65.747,69.596,72.964,75.763,77.918,79.369,80.078,80.023,79.21,77.661,75.423,72.558,69.145,65.274,61.043,56.553,51.907,47.201,42.526,37.962,33.579,29.432,25.565,22.007,18.777,15.88,13.313,11.066,9.12,7.455,6.044,4.862,3.881,3.075,2.419,1.89,1.468,1.134,0.871,0.666,0.507,0.385,0.292,0.221,0.167,0.127,0.096,0.073,0.056,0.043,0.033,0.026
30.201,34.531,39.103,43.857,48.716,53.596,58.4,63.025,67.366,71.317,74.778,77.66,79.883,81.389,82.134,82.101,81.291,79.728,77.459,74.547,71.073,67.127,62.81,58.226,53.477,48.665,43.881,39.207,34.715,30.462,26.492,22.837,19.515,16.533,13.888,11.569,9.559,7.835,6.373,5.144,4.123,3.281,2.595,2.04,1.594,1.24,0.96,0.741,0.57,0.438,0.336,0.258,0.198,0.152,0.117,0.091,0.07,0.055,0.043,0.034
30.667,35.056,39.692,44.512,49.441,54.391,59.267,63.963,68.373,72.39,75.914,78.852,81.127,82.675,83.455,83.447,82.652,81.095,78.821,75.895,72.396,68.417,64.059,59.427,54.625,49.754,44.908,40.169,35.611,31.292,27.256,23.537,20.152,17.11,14.408,12.035,9.975,8.205,6.699,5.432,4.375,3.501,2.786,2.205,1.737,1.363,1.065,0.831,0.647,0.503,0.391,0.304,0.237,0.185,0.144,0.113,0.089,0.071,0.056,0.045
30.862,35.269,39.923,44.764,49.714,54.688,59.588,64.311,68.749,72.796,76.35,79.319,81.625,83.205,84.016,84.038,83.271,81.74,79.488,76.581,73.098,69.13,64.779,60.148,55.343,50.464,45.604,40.849,36.269,31.925,27.862,24.112,20.694,17.618,14.881,12.473,10.378,8.573,7.033,5.733,4.645,3.743,3.001,2.394,1.903,1.508,1.192,0.94,0.741,0.583,0.459,0.362,0.286,0.227,0.18,0.143,0.114,0.091,0.074,0.059
30.791,35.173,39.801,44.615,49.54,54.489,59.367,64.072,68.496,72.534,76.087,79.061,81.38,82.98,83.819,83.875,83.15,81.665,79.465,76.612,73.184,69.272,64.975,60.397,55.64,50.804,45.983,41.259,36.704,32.377,28.324,24.578,21.158,18.074,15.324,12.899,10.782,8.953,7.389,6.062,4.947,4.017,3.248,2.617,2.101,1.683,1.346,1.074,0.858,0.684,0.547,0.437,0.35,0.281,0.226,0.182,0.147,0.119,0.097,0.079
30.466,34.782,39.342,44.084,48.936,53.814,58.624,63.266,67.635,71.629,75.148,78.103,80.416,82.025,82.889,82.986,82.315,80.899,78.778,76.014,72.683,68.872,64.678,60.203,55.545,50.805,46.071,41.426,36.941,32.673,28.669,24.96,21.568,18.5,15.758,13.332,11.208,9.366,7.783,6.434,5.294,4.338,3.542,2.883,2.341,1.897,1.536,1.242,1.004,0.812,0.657,0.532,0.432,0.351,0.285,0.232,0.19,0.155,0.127,0.104
29.909,34.122,38.571,43.198,47.934,52.697,57.396,61.934,66.21,70.124,73.581,76.492,78.782,80.391,81.279,81.422,80.819,79.492,77.479,74.839,71.644,67.978,63.935,59.611,55.104,50.508,45.911,41.392,37.02,32.852,28.932,25.293,21.955,18.928,16.212,13.801,11.681,9.833,8.237,6.869,5.706,4.723,3.897,3.208,2.636,2.162,1.772,1.451,1.188,0.973,0.797,0.653,0.536,0.44,0.362,0.298,0.245,0.202,0.167,0.138
29.152,33.226,37.527,42.001,46.58,51.188,55.736,60.132,64.28,68.083,71.45,74.296,76.548,78.15,79.059,79.255,78.736,77.518,75.641,73.158,70.137,66.659,62.811,58.686,54.377,49.973,45.558,41.209,36.992,32.96,29.159,25.618,22.36,19.394,16.722,14.338,12.231,10.384,8.778,7.391,6.203,5.19,4.331,3.607,2.999,2.49,2.065,1.712,1.418,1.175,0.973,0.806,0.668,0.554,0.459,0.381,0.317,0.263,0.219,0.182
28.231,32.135,36.256,40.542,44.93,49.346,53.709,57.931,61.919,65.584,68.838,71.601,73.804,75.391,76.324,76.579,76.156,75.07,73.354,71.059,68.249,64.998,61.388,57.506,53.439,49.271,45.081,40.942,36.916,33.055,29.402,25.986,22.829,19.941,17.326,14.979,12.891,11.048,9.433,8.026,6.809,5.761,4.863,4.097,3.446,2.895,2.428,2.035,1.705,1.427,1.194,0.998,0.834,0.698,0.583,0.487,0.408,0.341,0.285,0.238
27.189,30.897,34.811,38.881,43.048,47.244,51.392,55.411,59.215,62.719,65.841,68.507,70.65,72.22,73.177,73.501,73.188,72.252,70.723,68.646,66.079,63.092,59.759,56.159,52.374,48.482,44.555,40.662,36.86,33.2,29.72,26.451,23.413,20.617,18.069,15.766,13.7,11.861,10.234,8.803,7.551,6.461,5.516,4.699,3.996,3.393,2.876,2.435,2.059,1.739,1.467,1.237,1.042,0.877,0.738,0.621,0.522,0.439,0.369,0.311
26.069,29.563,33.248,37.08,41.003,44.955,48.866,52.661,56.26,59.586,62.563,65.121,67.2,68.75,69.736,70.137,69.948,69.181,67.861,66.03,63.737,61.046,58.024,54.743,51.276,47.694,44.063,40.447,36.898,33.462,30.178,27.072,24.167,21.473,18.998,16.741,14.697,12.859,11.214,9.751,8.456,7.314,6.311,5.433,4.667,4.001,3.423,2.924,2.493,2.122,1.804,1.531,1.299,1.1,0.931,0.788,0.666,0.563,0.476,0.402
24.918,28.184,31.626,35.203,38.867,42.559,46.217,49.773,53.154,56.29,59.112,61.557,63.568,65.101,66.121,66.608,66.558,65.977,64.888,63.326,61.335,58.97,56.289,53.357,50.238,46.996,43.69,40.375,37.102,33.912,30.838,27.91,25.146,22.56,20.16,17.948,15.923,14.079,12.409,10.904,9.553,8.347,7.273,6.32,5.478,4.737,4.086,3.517,3.02,2.588,2.214,1.891,1.612,1.373,1.168,0.993,0.844,0.717,0.608,0.516
23.78,26.811,30.002,33.316,36.71,40.133,43.529,46.836,49.992,52.933,55.596,57.926,59.871,61.389,62.451,63.036,63.137,62.759,61.921,60.65,58.984,56.969,54.656,52.099,49.354,46.476,43.517,40.526,37.546,34.615,31.766,29.022,26.405,23.929,21.602,19.431,17.416,15.557,13.85,12.29,10.871,9.585,8.425,7.382,6.449,5.618,4.88,4.227,3.653,3.149,2.708,2.325,1.993,1.705,1.458,1.245,1.062,0.906,0.772,0.658
22.696,25.491,28.428,31.477,34.598,37.749,40.879,43.937,46.866,49.61,52.116,54.333,56.216,57.728,58.84,59.533,59.799,59.64,59.07,58.109,56.789,55.146,53.222,51.061,48.711,46.217,43.622,40.97,38.297,35.637,33.017,30.463,27.994,25.624,23.366,21.227,19.213,17.327,15.569,13.938,12.434,11.052,9.789,8.639,7.599,6.661,5.821,5.071,4.405,3.816,3.298,2.844,2.448,2.104,1.806,1.549,1.327,1.137,0.973,0.833
21.703,24.265,26.952,29.738,32.591,35.472,38.341,41.151,43.857,46.41,48.764,50.875,52.704,54.218,55.391,56.204,56.648,56.723,56.435,55.802,54.844,53.591,52.073,50.326,48.387,46.291,44.075,41.772,39.414,37.03,34.644,32.28,29.956,27.687,25.489,23.373,21.346,19.418,17.592,15.874,14.266,12.769,11.384,10.11,8.943,7.883,6.923,6.06,5.288,4.601,3.994,3.458,2.989,2.579,2.223,1.914,1.646,1.416,1.216,1.045
20.83,23.167,25.613,28.145,30.737,33.358,35.973,38.546,41.037,43.408,45.62,47.635,49.42,50.947,52.192,53.137,53.772,54.094,54.104,53.811,53.231,52.38,51.282,49.962,48.445,46.759,44.929,42.983,40.945,38.839,36.687,34.509,32.324,30.149,28.001,25.893,23.839,21.852,19.941,18.116,16.385,14.754,13.227,11.808,10.497,9.295,8.199,7.207,6.314,5.515,4.805,4.176,3.623,3.138,2.715,2.346,2.026,1.749,1.509,1.301
20.098,22.224,24.441,26.732,29.076,31.449,33.824,36.172,38.463,40.664,42.746,44.678,46.433,47.985,49.314,50.404,51.243,51.823,52.142,52.202,52.009,51.573,50.905,50.02,48.934,47.663,46.226,44.64,42.923,41.095,39.173,37.175,35.121,33.03,30.918,28.805,26.708,24.644,22.629,20.678,18.804,17.018,15.329,13.745,12.27,10.908,9.658,8.52,7.491,6.566,5.741,5.007,4.359,3.789,3.29,2.853,2.474,2.143,1.856,1.607
19.521,21.45,23.454,25.52,27.633,29.775,31.927,34.068,36.174,38.222,40.19,42.054,43.792,45.383,46.81,48.056,49.109,49.959,50.597,51.019,51.223,51.208,50.977,50.534,49.883,49.031,47.987,46.761,45.364,43.809,42.112,40.288,38.356,36.335,34.247,32.113,29.956,27.798,25.66,23.563,21.525,19.564,17.693,15.925,14.267,12.727,11.306,10.007,8.826,7.762,6.807,5.957,5.203,4.539,3.954,3.443,2.995,2.605,2.265,1.968
19.102,20.852,22.662,24.522,26.424,28.355,30.303,32.255,34.195,36.109,37.98,39.792,41.528,43.173,44.71,46.125,47.403,48.53,49.495,50.286,50.892,51.304,51.513,51.513,51.299,50.866,50.215,49.346,48.265,46.979,45.499,43.839,42.018,40.057,37.979,35.809,33.576,31.306,29.026,26.765,24.545,22.389,20.318,18.346,16.488,14.752,13.145,11.668,10.322,9.104,8.009,7.031,6.162,5.393,4.715,4.119,3.597,3.14,2.74,2.39
18.837,20.427,22.062,23.738,25.449,27.19,28.956,30.74,32.535,34.333,36.126,37.903,39.654,41.366,43.025,44.619,46.131,47.544,48.841,50.005,51.016,51.856,52.506,52.949,53.17,53.154,52.892,52.376,51.605,50.58,49.309,47.805,46.084,44.17,42.089,39.87,37.544,35.147,32.709,30.266,27.846,25.479,23.19,20.999,18.924,16.978,15.169,13.501,11.977,10.594,9.347,8.231,7.236,6.354,5.575,4.889,4.285,3.754,3.289,2.879
18.714,20.163,21.644,23.155,24.698,26.272,27.877,29.516,31.187,32.89,34.623,36.382,38.162,39.954,41.748,43.529,45.282,46.985,48.619,50.157,51.573,52.839,53.928,54.811,55.462,55.858,55.979,55.81,55.341,54.57,53.5,52.141,50.511,48.633,46.537,44.255,41.825,39.286,36.676,34.037,31.403,28.811,26.289,23.865,21.56,19.391,17.368,15.498,13.785,12.227,10.819,9.556,8.428,7.426,6.538,5.753,5.062,4.452,3.914,3.439
18.712,20.04,21.387,22.756,24.151,25.58,27.047,28.562,30.13,31.757,33.449,35.207,37.031,38.915,40.852,42.828,44.826,46.822,48.792,50.702,52.52,54.209,55.73,57.047,58.122,58.922,59.418,59.588,59.414,58.887,58.009,56.787,55.238,53.387,51.265,48.911,46.366,43.674,40.882,38.035,35.177,32.348,29.584,26.917,24.372,21.97,19.724,17.644,15.734,13.994,12.419,11.002,9.734,8.605,7.603,6.715,5.929,5.234,4.619,4.074
18.807,20.031,21.263,22.51,23.78,25.085,26.436,27.848,29.332,30.903,32.571,34.342,36.222,38.209,40.296,42.472,44.717,47.006,49.309,51.588,53.801,55.904,57.849,59.59,61.079,62.273,63.135,63.632,63.743,63.453,62.758,61.664,60.188,58.356,56.202,53.768,51.1,48.25,45.268,42.208,39.118,36.047,33.035,30.118,27.328,24.688,22.215,19.92,17.808,15.881,14.134,12.559,11.148,9.889,8.767,7.772,6.888,6.103,5.406,4.785
18.968,20.105,21.241,22.385,23.549,24.75,26.006,27.334,28.754,30.286,31.944,33.743,35.689,37.785,40.028,42.405,44.896,47.475,50.104,52.743,55.341,57.848,60.205,62.356,64.246,65.821,67.036,67.851,68.236,68.172,67.651,66.678,65.269,63.45,61.259,58.742,55.948,52.936,49.763,46.488,43.166,39.851,36.589,33.423,30.387,27.509,24.807,22.297,19.983,17.869,15.948,14.216,12.66,11.268,10.026,8.919,7.935,7.057,6.274,5.574
19.164,20.228,21.284,22.342,23.419,24.535,25.713,26.976,28.349,29.856,31.519,33.354,35.375,37.587,39.987,42.563,45.297,48.156,51.103,54.089,57.059,59.952,62.705,65.251,67.525,69.467,71.02,72.139,72.786,72.938,72.584,71.725,70.377,68.569,66.339,63.737,60.82,57.648,54.287,50.8,47.25,43.695,40.19,36.779,33.502,30.39,27.465,24.743,22.232,19.933,17.843,15.954,14.254,12.731,11.368,10.151,9.064,8.092,7.221,6.438
19.36,20.365,21.354,22.342,23.348,24.396,25.512,26.726,28.066,29.562,31.239,33.121,35.221,37.55,40.105,42.877,45.843,48.973,52.222,55.539,58.863,62.124,65.253,68.173,70.812,73.1,74.974,76.381,77.278,77.635,77.438,76.688,75.398,73.599,71.333,68.651,65.615,62.291,58.749,55.06,51.291,47.509,43.769,40.125,36.618,33.283,30.145,27.221,24.52,22.045,19.792,17.752,15.914,14.263,12.783,11.457,10.268,9.201,8.24,7.373
19.526,20.482,21.416,22.347,23.296,24.289,25.358,26.536,27.855,29.35,31.05,32.982,35.165,37.609,40.315,43.273,46.461,49.845,53.379,57.006,60.66,64.266,67.745,71.015,73.996,76.609,78.784,80.461,81.591,82.142,82.095,81.447,80.215,78.427,76.128,73.373,70.227,66.763,63.054,59.178,55.208,51.213,47.257,43.396,39.676,36.134,32.798,29.686,26.81,24.171,21.765,19.585,17.617,15.845,14.253,12.822,11.535,10.374,9.325,8.373
19.63,20.545,21.435,22.319,23.222,24.174,25.207,26.359,27.668,29.169,30.898,32.883,35.146,37.7,40.548,43.68,47.074,50.693,54.489,58.402,62.359,66.281,70.082,73.674,76.968,79.88,82.332,84.26,85.608,86.339,86.431,85.883,84.706,82.933,80.608,77.791,74.55,70.962,67.106,63.063,58.912,54.728,50.579,46.524,42.613,38.886,35.373,32.094,29.06,26.274,23.732,21.424,19.338,17.455,15.759,14.23,12.85,11.599,10.463,9.427
19.646,20.527,21.38,22.227,23.093,24.012,25.019,26.154,27.459,28.972,30.731,32.768,35.108,37.765,40.743,44.033,47.612,51.443,55.474,59.642,63.872,68.077,72.168,76.048,79.625,82.806,85.51,87.664,89.211,90.108,90.332,89.877,88.757,87.003,84.663,81.797,78.479,74.787,70.806,66.623,62.319,57.974,53.66,49.44,45.366,41.481,37.817,34.395,31.226,28.314,25.655,23.237,21.048,19.068,17.279,15.661,14.194,12.86,11.641,10.523
19.555,20.405,21.226,22.042,22.879,23.773,24.761,25.885,27.19,28.717,30.507,32.592,35.001,37.75,40.843,44.271,48.012,52.027,56.263,60.654,65.12,69.572,73.914,78.047,81.87,85.289,88.215,90.571,92.295,93.342,93.687,93.321,92.258,90.53,88.186,85.289,81.913,78.143,74.066,69.771,65.346,60.873,56.428,52.076,47.872,43.862,40.078,36.541,33.265,30.252,27.498,24.991,22.716,20.655,18.787,17.092,15.548,14.137,12.842,11.647
19.339,20.161,20.955,21.744,22.557,23.431,24.404,25.522,26.829,28.37,30.187,32.316,34.784,37.61,40.799,44.344,48.22,52.388,56.795,61.37,66.034,70.692,75.245,79.59,83.623,87.242,90.357,92.887,94.766,95.947,96.4,96.119,95.115,93.42,91.085,88.174,84.765,80.943,76.8,72.428,67.918,63.354,58.815,54.369,50.073,45.973,42.103,38.485,35.132,32.047,29.223,26.65,24.312,22.187,20.257,18.497,16.889,15.411,14.046,12.78
18.989,19.785,20.553,21.319,22.112,22.968,23.931,25.043,26.353,27.906,29.745,31.908,34.423,37.31,40.575,44.21,48.191,52.48,57.019,61.74,66.558,71.379,76.1,80.614,84.813,88.596,91.865,94.539,96.548,97.843,98.393,98.19,97.246,95.592,93.28,90.375,86.957,83.114,78.939,74.526,69.969,65.354,60.762,56.263,51.915,47.764,43.846,40.182,36.786,33.658,30.794,28.181,25.801,23.634,21.658,19.851,18.19,16.657,15.232,13.902
18.503,19.272,20.016,20.76,21.534,22.376,23.328,24.435,25.746,27.307,29.161,31.347,33.895,36.824,40.142,43.84,47.895,52.267,56.901,61.724,66.653,71.59,76.432,81.07,85.393,89.297,92.685,95.47,97.583,98.972,99.606,99.475,98.591,96.986,94.711,91.833,88.433,84.599,80.426,76.01,71.447,66.823,62.221,57.711,53.352,49.192,45.265,41.593,38.188,35.051,32.176,29.549,27.153,24.965,22.964,21.125,19.427,17.85,16.377,14.992
17.884,18.625,19.345,20.067,20.823,21.651,22.592,23.693,25.001,26.563,28.424,30.621,33.186,36.138,39.483,43.216,47.311,51.73,56.417,61.299,66.292,71.299,76.214,80.928,85.33,89.314,92.781,95.645,97.834,99.296,100,99.934,99.111,97.562,95.338,92.508,89.151,85.357,81.222,76.842,72.313,67.723,63.154,58.677,54.351,50.222,46.326,42.683,39.305,36.192,33.337,30.725,28.337,26.151,24.144,22.292,20.573,18.966,17.456,16.026
17.14,17.852,18.546,19.247,19.985,20.797,21.726,22.817,24.118,25.675,27.532,29.728,32.292,35.245,38.593,42.33,46.432,50.86,55.558,60.455,65.466,70.494,75.435,80.178,84.614,88.635,92.143,95.051,97.289,98.803,99.561,99.553,98.79,97.303,95.145,92.381,89.093,85.37,81.307,77.001,72.546,68.032,63.539,59.137,54.886,50.83,47.004,43.428,40.112,37.056,34.25,31.68,29.326,27.165,25.173,23.326,21.601,19.98,18.445,16.983
16.284,16.966,17.633,18.311,19.029,19.824,20.739,21.817,23.105,24.649,26.492,28.671,31.218,34.15,37.475,41.187,45.261,49.661,54.329,59.197,64.18,69.183,74.101,78.827,83.251,87.267,90.778,93.698,95.956,97.499,98.297,98.338,97.634,96.216,94.134,91.456,88.261,84.637,80.68,76.484,72.142,67.744,63.367,59.082,54.945,51.001,47.283,43.81,40.589,37.621,34.894,32.393,30.097,27.983,26.025,24.201,22.488,20.867,19.321,17.838
15.334,15.983,16.622,17.275,17.972,18.749,19.645,20.705,21.974,23.496,25.314,27.464,29.974,32.865,36.142,39.799,43.813,48.147,52.747,57.543,62.454,67.386,72.236,76.9,81.268,85.239,88.716,91.614,93.865,95.417,96.239,96.32,95.673,94.328,92.334,89.758,86.678,83.181,79.359,75.306,71.113,66.867,62.645,58.514,54.529,50.734,47.158,43.82,40.726,37.874,35.253,32.846,30.631,28.584,26.681,24.898,23.212,21.605,20.062,18.571
14.309,14.924,15.533,16.16,16.834,17.589,18.464,19.501,20.744,22.236,24.017,26.122,28.58,31.408,34.612,38.187,42.11,46.344,50.837,55.522,60.319,65.137,69.877,74.435,78.708,82.595,86.002,88.848,91.066,92.606,93.437,93.551,92.958,91.689,89.793,87.333,84.387,81.04,77.38,73.5,69.488,65.428,61.393,57.45,53.65,50.035,46.633,43.459,40.52,37.81,35.319,33.027,30.914,28.954,27.122,25.396,23.754,22.176,20.649,19.163
13.231,13.81,14.388,14.987,15.635,16.366,17.215,18.225,19.435,20.888,22.621,24.669,27.057,29.803,32.913,36.379,40.182,44.285,48.637,53.174,57.819,62.484,67.073,71.488,75.628,79.395,82.701,85.466,87.627,89.135,89.962,90.099,89.557,88.367,86.575,84.245,81.449,78.271,74.797,71.116,67.312,63.465,59.647,55.92,52.334,48.926,45.723,42.739,39.977,37.432,35.09,32.934,30.939,29.082,27.338,25.684,24.098,22.564,21.066,19.597
12.122,12.664,13.209,13.779,14.399,15.102,15.923,16.899,18.071,19.476,21.151,23.128,25.432,28.078,31.072,34.408,38.064,42.007,46.187,50.544,55.003,59.48,63.885,68.122,72.095,75.712,78.888,81.547,83.628,85.087,85.897,86.049,85.555,84.444,82.762,80.57,77.938,74.946,71.677,68.214,64.64,61.03,57.453,53.965,50.615,47.436,44.453,41.678,39.112,36.749,34.573,32.567,30.706,28.966,27.323,25.753,24.237,22.757,21.302,19.862
11.004,11.508,12.02,12.558,13.149,13.822,14.609,15.548,16.674,18.024,19.632,21.527,23.732,26.263,29.124,32.308,35.795,39.553,43.536,47.684,51.928,56.188,60.378,64.408,68.186,71.626,74.647,77.178,79.162,80.557,81.337,81.496,81.046,80.015,78.447,76.4,73.942,71.148,68.097,64.869,61.541,58.185,54.865,51.634,48.536,45.603,42.856,40.304,37.948,35.778,33.781,31.936,30.219,28.607,27.075,25.601,24.164,22.751,21.348,19.95
9.897,10.363,10.84,11.346,11.905,12.545,13.297,14.193,15.268,16.556,18.088,19.891,21.987,24.389,27.101,30.117,33.417,36.97,40.733,44.65,48.655,52.673,56.624,60.422,63.983,67.224,70.07,72.456,74.326,75.644,76.385,76.545,76.135,75.183,73.73,71.832,69.554,66.966,64.143,61.16,58.09,55,51.948,48.984,46.15,43.472,40.97,38.65,36.511,34.544,32.732,31.056,29.491,28.014,26.6,25.229,23.882,22.543,21.203,19.856
8.82,9.248,9.69,10.163,10.689,11.294,12.006,12.856,13.875,15.095,16.544,18.248,20.224,22.487,25.038,27.871,30.969,34.301,37.827,41.495,45.244,49.002,52.695,56.244,59.569,62.595,65.251,67.477,69.222,70.453,71.148,71.302,70.929,70.053,68.716,66.969,64.873,62.495,59.905,57.173,54.366,51.546,48.769,46.078,43.512,41.094,38.84,36.756,34.838,33.076,31.452,29.947,28.538,27.2,25.91,24.648,23.395,22.139,20.87,19.584
7.788,8.179,8.585,9.024,9.516,10.084,10.755,11.555,12.515,13.662,15.023,16.619,18.47,20.584,22.965,25.607,28.492,31.592,34.87,38.277,41.755,45.241,48.663,51.95,55.028,57.827,60.282,62.339,63.951,65.087,65.729,65.873,65.532,64.731,63.508,61.911,59.998,57.83,55.474,52.993,50.45,47.902,45.398,42.98,40.68,38.521,36.514,34.664,32.965,31.407,29.971,28.637,27.383,26.184,25.02,23.87,22.717,21.548,20.357,19.139
6.814,7.168,7.54,7.945,8.402,8.932,9.558,10.307,11.204,12.275,13.543,15.028,16.747,18.708,20.914,23.357,26.023,28.884,31.906,35.045,38.246,41.452,44.597,47.614,50.438,53.004,55.253,57.134,58.608,59.645,60.23,60.361,60.05,59.32,58.207,56.758,55.025,53.065,50.938,48.705,46.422,44.14,41.905,39.754,37.716,35.809,34.043,32.421,30.935,29.574,28.321,27.154,26.051,24.991,23.952,22.914,21.862,20.785,19.676,18.532
5.908,6.227,6.565,6.936,7.358,7.848,8.43,9.125,9.957,10.949,12.122,13.493,15.078,16.883,18.91,21.152,23.596,26.216,28.98,31.847,34.77,37.693,40.559,43.306,45.874,48.204,50.245,51.95,53.284,54.22,54.747,54.861,54.576,53.914,52.909,51.603,50.044,48.285,46.382,44.389,42.357,40.333,38.358,36.464,34.677,33.012,31.477,30.071,28.789,27.617,26.538,25.53,24.574,23.647,22.729,21.802,20.852,19.869,18.845,17.78
5.076,5.361,5.667,6.005,6.391,6.842,7.378,8.018,8.784,9.696,10.773,12.03,13.479,15.128,16.976,19.018,21.24,23.62,26.128,28.727,31.373,34.017,36.606,39.086,41.401,43.499,45.334,46.865,48.06,48.896,49.362,49.46,49.199,48.601,47.698,46.528,45.137,43.571,41.882,40.118,38.326,36.547,34.819,33.168,31.618,30.181,28.863,27.662,26.57,25.575,24.658,23.801,22.983,22.182,21.381,20.562,19.711,18.82,17.884,16.9
4.322,4.576,4.85,5.156,5.507,5.919,6.409,6.994,7.694,8.526,9.507,10.65,11.966,13.46,15.132,16.977,18.982,21.127,23.384,25.721,28.097,30.469,32.789,35.008,37.077,38.95,40.585,41.946,43.005,43.744,44.152,44.231,43.992,43.455,42.649,41.609,40.375,38.992,37.505,35.957,34.391,32.842,31.344,29.921,28.591,27.365,26.247,25.234,24.318,23.486,22.719,22.001,21.31,20.628,19.936,19.219,18.465,17.665,16.815,15.915
3.648,3.872,4.116,4.391,4.708,5.082,5.526,6.057,6.692,7.445,8.332,9.363,10.548,11.891,13.393,15.047,16.842,18.76,20.775,22.859,24.976,27.086,29.147,31.116,32.95,34.607,36.05,37.249,38.18,38.825,39.177,39.239,39.02,38.54,37.824,36.905,35.82,34.608,33.308,31.962,30.604,29.268,27.982,26.768,25.64,24.607,23.671,22.829,22.072,21.387,20.756,20.163,19.589,19.015,18.424,17.803,17.141,16.429,15.665,14.848
