153.78,218.78,290.29,309.62,328.88,347.06,352.84,356.42,367.07,377.98,388.88,399.1,405.01,405.04,405.01,404.66,406.89,423.68,443.29,462.49,482.06,498.94,502.76,518.94,542.1,564.94,587.82,609.21,615.42,615.05,615.02,615.31,613.01,610.91,609.09,607.22,605.09,605.1,609.72,627.69,647.74,667.6,687.89,703.37,705.22,704.98,705.48,704.19,695.67,686,676.61,666.68,658.41,657.78,669.72,691.84,713.27,734.84,755.97,765.71,765.02,764.98,765.22,763.05,761.26,760.83,760.1,759.13,761.52,761.03,745.17,728.27,711,692.78,677.06,675.35,675,675.1,674.71,668.38,657.5,646.69,635.81,625.42,620.23,627.09,658.58,693.97,728.76,764.28,792.29,795.61,795,795.44,795.32,765.67,716.75,669.42,509.98,351.1
207.91,301.29,400.7,431.06,461.49,487.35,492.7,496.16,505.85,515.74,525.64,534.91,540.04,540.04,539.76,538.51,548.47,580.12,614.08,647.75,682.41,705.9,709.02,724.84,747.81,770.45,793,814.23,820.42,820.05,820,820.41,821.2,823.17,825.35,827.49,829.23,830.11,834.22,853.31,875.42,897.28,919.61,937.53,940.26,939.97,940.47,939.92,935.41,929.87,924.61,918.79,913.89,913.46,925.36,947.36,968.67,990.12,1011.1,1020.7,1020,1020,1020.3,1022,1029.3,1037.7,1046,1054.1,1061.5,1061.9,1040.1,1007.9,975.59,942.44,910.79,900.12,900.01,900.07,899.5,896.61,890.07,883.47,876.82,870.8,866.42,873.21,907.98,947.27,985.85,1025.1,1056.9,1060.7,1060,1060.2,1058.9,1023.5,968.6,915.29,703.05,492.39
267.43,389.46,516.85,558.28,599.76,628,632.72,636.18,645.13,654.13,663.02,671.27,675.43,675.19,674.13,675.37,699.1,744.7,792.5,840.83,886.99,910.68,913.84,929.79,952.76,975.41,997.99,1019.2,1025.4,1025.1,1024.7,1026.9,1031.8,1037.6,1043.8,1050.3,1054.2,1055,1058.7,1078.5,1102.4,1126.2,1150.6,1171,1175.1,1175.1,1175.6,1178.1,1177.9,1176.3,1175,1173.1,1169.1,1168.4,1180.3,1202.3,1223.6,1245.1,1266.1,1275.7,1275,1275.2,1276.5,1285.9,1301.9,1319.4,1336.5,1352.6,1361.3,1362.1,1340.1,1295.6,1247.5,1199.4,1152.6,1127.1,1124.3,1124.9,1126.1,1127.6,1125.1,1122.4,1120,1116.2,1111.4,1118.3,1154.1,1197.5,1240.2,1283.4,1319.1,1325.8,1325.1,1325.1,1319.9,1278.4,1217.5,1158.1,893.03,633.23
283.31,412.31,546.86,595.81,639,663.5,668.75,670.77,673.78,675.85,676.91,676.98,674.73,672.56,670.7,682.25,719.57,777.92,838.7,899.87,948.69,971.72,975.4,984.49,994.94,1004.7,1014.4,1022.4,1022.6,1021.8,1021.6,1027.8,1040.4,1054.3,1068.4,1082.4,1090.2,1091,1094.5,1107.1,1122.1,1138.4,1155.2,1168,1171.9,1173.2,1174.4,1182.9,1193.9,1203.9,1214.2,1223.2,1224.9,1224.7,1233.1,1243.7,1253.5,1263.1,1272,1273.3,1272.1,1272,1278.9,1300,1331.2,1363.6,1395.6,1421,1432.9,1433.5,1413.1,1366.1,1302.9,1239.1,1176.8,1134.4,1119,1119.8,1125.6,1137.7,1148.7,1159.2,1169.5,1174.9,1172.9,1179.5,1202.7,1231.3,1261.3,1291.6,1314.5,1321.2,1322.6,1321.1,1311.7,1283.6,1238.9,1195.3,932.21,677.14
309.19,446.64,586.64,637.17,676.89,695.91,698.6,697.73,695.11,696.66,699.42,701.3,704.19,709.04,710.6,728.63,771.94,833.84,897.27,959.57,1004.2,1024.1,1025.3,1025.1,1025.3,1031,1037.5,1043.9,1050.4,1056.9,1056.1,1058.7,1068.9,1081.7,1094.7,1109.4,1119.5,1122.1,1122.2,1126.2,1134.8,1149.3,1164,1178.4,1188.9,1194.8,1195.7,1204.2,1218.3,1234,1249.7,1264.6,1271.8,1273.4,1274.2,1274.1,1277.9,1284.6,1291.1,1296.7,1303.2,1306.4,1314.7,1338.4,1375.2,1413.6,1451,1480.5,1495.1,1496.4,1478.3,1433.1,1369.9,1305.9,1242.8,1197.4,1179.8,1178.2,1175.8,1181.6,1190.6,1199,1209.5,1221.3,1224.4,1226.4,1234.9,1250.4,1276,1302,1325.8,1343.1,1354.2,1346.1,1323.1,1290.9,1254,1216.7,954.4,706.52
338.82,480.03,619.9,661.54,692.27,701.11,699.88,699.39,698.69,715.14,734.16,752.87,772.18,791.4,794.15,810.82,850.53,897.67,944.38,990.37,1019.9,1026.8,1026.1,1025,1029.9,1050.8,1072.5,1094.6,1117.8,1134.8,1132.3,1124.4,1121.2,1118.9,1116.8,1118.2,1124.1,1124.9,1124,1125.2,1138.1,1161.4,1184.8,1209.1,1231.3,1241.8,1241.3,1243.8,1250.7,1257.5,1264.2,1271.5,1275.7,1275.6,1275.4,1275.6,1291.6,1312.7,1333.3,1354.2,1374.4,1379.7,1384.5,1401.6,1425.8,1450.1,1473.8,1492.9,1499.9,1501.2,1495.1,1467.6,1429.8,1391.6,1352.4,1320.6,1310.9,1307.9,1287.2,1269.6,1253,1235.2,1221.2,1225.3,1226.2,1226.2,1229.3,1249.9,1289.4,1328.4,1367.3,1403.4,1423.4,1410.5,1368.4,1319,1269.6,1218.9,947.19,704.89
364,504.9,644.88,677.51,698.99,700.92,699.74,698.94,708.93,742.18,777.2,812.16,847.68,872.19,874.42,891.86,922.47,952.67,983.03,1012.5,1025,1024.7,1024.6,1025.2,1043.9,1080.3,1117.2,1154.7,1191.5,1209.9,1207.4,1195,1177.9,1160.5,1143.4,1129.6,1125.1,1125,1124.5,1127.8,1149.4,1181.8,1214.2,1247.1,1276.1,1286.8,1286.4,1284.6,1282.3,1279.9,1277.5,1275.5,1275,1274.4,1273.3,1281.8,1312.4,1347.6,1382.9,1418.7,1444.9,1450,1454.2,1462.6,1472.2,1482.6,1491.9,1497.4,1499.3,1500.2,1500.4,1496.3,1483.8,1470.6,1457.4,1444.2,1436.4,1434,1406.4,1363.7,1321.7,1278.6,1238.5,1224.3,1225.1,1225.2,1228.6,1262.2,1315,1367.2,1419.3,1468.4,1488.9,1477.1,1425.6,1362,1299.5,1235.4,949.5,703.63
383.21,523.33,663.01,686.4,698.73,699.31,698.36,701.71,727.44,776.69,827.9,879.42,927.08,951.98,955.05,970.1,985.98,1000.2,1014.6,1027.4,1026.3,1024.7,1024.1,1033.3,1067.9,1119.3,1171.3,1224.1,1267.3,1284.9,1282.8,1268.5,1238.7,1206,1173.4,1143.8,1125.8,1122.9,1123.6,1135.4,1167,1208.8,1250.6,1291.8,1321.6,1331.8,1331,1325.4,1314.1,1302.8,1291.2,1280.4,1274.3,1273.1,1274.8,1297.3,1341.8,1391.3,1441.2,1488.3,1514.7,1520,1524.1,1522.7,1517.6,1513.7,1508.7,1500,1497.2,1498.1,1503.2,1522,1535.5,1547.7,1560.3,1567.5,1562.1,1559.3,1530.2,1468.7,1400.6,1332.2,1266.4,1228.2,1222.2,1223.3,1239,1287,1352.9,1418.7,1484,1534.2,1553.5,1542.8,1493.7,1419.2,1343.4,1266.7,966.92,705.71
393.67,533.19,674,688.65,697.71,701.52,701.91,715.83,756.28,820.69,888.14,955.6,1008.2,1034.5,1038.5,1043.3,1044.3,1043.3,1041,1037,1029.2,1025.7,1026.2,1049.8,1099.7,1166.9,1234.6,1300.5,1344.9,1363.1,1360.9,1343,1305.4,1258.1,1211,1167.1,1138.3,1128.5,1132.8,1154.8,1195.6,1245.5,1295.8,1341.7,1369.5,1378.7,1376.9,1366.6,1348.6,1330.2,1311.5,1294.5,1286,1283.6,1292.6,1327.3,1384,1445.9,1509,1561,1587.4,1593.1,1591.6,1580.4,1562.7,1547.1,1530.5,1515.9,1511.5,1513.3,1523.4,1553,1589.3,1624.9,1660.4,1685.7,1692.4,1689.2,1656.2,1585.4,1493.7,1401.2,1312,1253.4,1232.3,1238.1,1269.3,1330.2,1407.5,1485.3,1557,1603.3,1621.2,1611.4,1568.6,1491,1401.3,1311.4,997.19,716.08
394.36,538.1,688.5,707.15,725.37,740.68,745.42,763.47,811.02,877.3,944.4,1011.6,1058.8,1078,1078.6,1076.9,1072.3,1066.6,1059.4,1052,1046,1043.1,1045.4,1079.8,1141.2,1213.7,1285.7,1354.1,1391.9,1403,1401.5,1386.6,1352.7,1309.3,1265.9,1224,1196,1186.2,1190.6,1212.2,1250.7,1293.9,1337.3,1376,1397.4,1402,1400.4,1389.4,1376.2,1366.1,1355.3,1345.9,1345.8,1346.2,1356,1392.8,1447.1,1503.6,1561.7,1607.2,1626.4,1628.7,1625.6,1612.3,1602.1,1597,1591.2,1588.8,1596.9,1601.2,1604.5,1626.7,1657.8,1688.9,1720.2,1747.4,1756.5,1755.9,1731.3,1668.4,1583,1497,1412,1350.9,1328.1,1333,1362.2,1419.8,1485.2,1550.4,1610.4,1646.3,1654.5,1651.5,1622.2,1548.6,1450.9,1353.9,1025.8,724.51
393.61,546.16,705.69,733.72,761.94,785.89,790.54,810.15,862.22,920,977.15,1034.9,1070.8,1075.7,1075,1074.9,1074.2,1073.3,1070.9,1068.2,1065.6,1063.5,1065.3,1106.2,1173.8,1241.8,1309.3,1373.4,1400,1400.1,1400.2,1395.9,1375.3,1344.9,1314.2,1283.2,1257.2,1246.9,1251.7,1272.9,1303.5,1334.2,1365.1,1390.7,1400.1,1400.1,1399.6,1395.6,1395.4,1398.8,1401.5,1404.5,1411,1411.8,1421.8,1458.5,1501.1,1543.6,1588,1619.7,1625.2,1625.5,1625.4,1623.7,1632,1645.7,1658.6,1672.1,1687.3,1691.9,1692.1,1702.4,1714.1,1725.7,1737.8,1748.9,1750.4,1751.1,1745.4,1705.2,1641.1,1576.7,1511.7,1453.2,1429.1,1433.5,1461.6,1506.5,1550.6,1595,1634.7,1650.9,1650.3,1652.2,1639.5,1567.2,1468.7,1372,1040.2,722.78
400.54,562.22,730.74,767.83,804.96,831.01,835.75,855.57,902,950.1,998.25,1046.8,1073.5,1075,1074.9,1075.5,1078.1,1081.3,1082.9,1084.2,1084.9,1083.6,1085.4,1125.7,1189.4,1253.3,1317.1,1377,1400.2,1400.2,1400.1,1400.5,1391.9,1373.5,1354.8,1336.2,1317.2,1306.8,1311.9,1329.5,1348.4,1366.9,1385.8,1399.2,1400.2,1400,1399.1,1404.1,1417.5,1433.9,1449.5,1466.1,1476.5,1477.3,1488.1,1517.4,1547,1576.5,1607.4,1625.2,1625.1,1625.1,1626.7,1641.4,1668.6,1700.3,1731.6,1761.4,1778.1,1782.1,1781.8,1777.2,1770.5,1764,1757.9,1751.6,1749.7,1750.1,1751,1731.5,1687.5,1643.3,1599.1,1554.1,1529,1533.7,1557.4,1582.5,1606.6,1631.1,1650.6,1651,1650,1651.4,1637.6,1564.2,1464.8,1367.5,1035.9,719.8
413.94,584.84,762.68,809.37,851.95,877.06,882.11,897.71,930.26,969.07,1008,1047,1068.5,1074.7,1074.7,1076.3,1082,1089.3,1095,1100.4,1104.2,1103.9,1106,1137.6,1189.6,1249.3,1308.7,1364.1,1391.6,1398.9,1398.7,1400.1,1401.3,1395.8,1389.8,1383.8,1376.5,1369,1373.2,1381.6,1387.6,1393.4,1399.4,1400.7,1398.2,1397.4,1399.6,1414.1,1440.5,1470.4,1500.2,1527.2,1541.9,1543.7,1551.7,1567.5,1584.4,1600.5,1617.6,1625,1625.1,1624.1,1632.9,1663.5,1709.7,1759.8,1809.9,1851,1870.4,1874.1,1869.6,1852.2,1826.9,1801.5,1776.2,1755.3,1747.5,1747.9,1748.3,1742.7,1720.3,1696.8,1673.3,1649.7,1631.9,1635.5,1646.2,1651.4,1655.3,1659.2,1658.6,1651.8,1650.9,1647.2,1615.3,1539.1,1438.9,1339.5,1012.9,714.88
436.09,616.63,802.32,856.15,897.67,919.86,923.55,928.59,945.86,974.66,1005.9,1037.3,1062.2,1075.9,1078.5,1081.2,1088.3,1097.5,1106.6,1115.2,1121.1,1122.9,1124,1141.5,1178.1,1233.7,1291.4,1347.7,1387.9,1409,1410.1,1409.5,1412.4,1415.2,1417.6,1420.9,1423.9,1423.5,1424.1,1422,1419.3,1420.4,1421.6,1421.6,1424.9,1428.1,1431.2,1447.4,1477.8,1512.2,1546.7,1577.5,1595.1,1598.2,1598.8,1602.7,1610.3,1619.2,1628.3,1635.8,1640.5,1642.3,1660.3,1701,1759.6,1821.4,1882,1925.3,1946.1,1948.7,1938.3,1913.6,1878.8,1843.1,1807.3,1781.6,1770.8,1768.8,1762.8,1756,1746.8,1736.9,1728.2,1724.4,1721.8,1720.7,1716.2,1706,1691.8,1677.4,1663.8,1654.1,1650.9,1634.9,1580.9,1493.2,1392.6,1291.6,977.55,701.57
457.14,642.22,827.35,878.92,914.72,925.49,925.07,925.88,936.95,965.99,998.42,1030.9,1062.1,1083,1086.4,1089.1,1095.9,1103.9,1111.9,1119.5,1124.3,1125.4,1125,1129.8,1160.5,1220.8,1283.3,1346,1403.5,1435.4,1436,1431.9,1429.4,1427.5,1424.9,1423.9,1425.6,1425.8,1426.4,1424.6,1430.5,1445.2,1459.2,1472.3,1488.1,1496,1496.6,1507.9,1528.7,1549.8,1570.9,1590.8,1600.3,1600.5,1600.4,1602.9,1614.9,1629.6,1644,1658.5,1670.2,1673.1,1695.7,1743.7,1799.3,1855.1,1910.3,1943.1,1950.6,1950.9,1947.4,1931.1,1906.3,1880.8,1854.6,1832.2,1822.8,1820.1,1804.7,1786.2,1767.3,1748,1730.6,1726.5,1726.1,1725.8,1723.7,1714.4,1698.9,1683.7,1668.6,1655.5,1650.4,1630,1555.6,1456.1,1355.7,1254.9,945.65,690.04
470.54,655.9,840.92,889.45,921.85,925.38,924.91,924.3,933.91,963.7,997.17,1030.4,1064.1,1087.6,1091.2,1093.9,1100.1,1107.1,1114,1120.6,1124.4,1125.1,1124.7,1124.8,1157.7,1223.6,1291,1358.7,1426.1,1460.7,1461.1,1455.9,1447.4,1439.9,1432.4,1426.1,1423.9,1425,1424.6,1426.7,1445.7,1473.2,1500.4,1527.8,1552.9,1560.8,1561.6,1568.6,1576.8,1584.6,1592.7,1599.4,1600.3,1599.9,1599.7,1604.7,1622.5,1643.3,1663.9,1684.7,1700,1703.5,1727.5,1776.3,1826.1,1875.8,1924.6,1949.7,1950.3,1950.1,1951,1945.1,1930.5,1915.1,1899.2,1882.5,1872.8,1870.5,1851.9,1822.5,1793.2,1763.8,1735.7,1724.8,1725,1725.3,1724.8,1715.3,1699.7,1684.7,1669.5,1654.8,1650.2,1630.3,1545.3,1443.3,1343.4,1242.6,933.08,688.1
472.96,658.15,843.17,888.6,918.56,925.16,925,926.29,938.92,969.56,1004.1,1038.1,1071,1092.4,1096.3,1098.3,1103.3,1109.3,1115.1,1120.6,1124,1124.8,1123.6,1131.5,1171.5,1242.2,1314.8,1388.4,1453,1485.4,1486.1,1480.3,1467.2,1454.4,1441.9,1430.6,1423.9,1424.3,1423.8,1435.3,1467.6,1507.9,1548.3,1589.3,1618,1625.7,1627.1,1628,1622.5,1616.7,1611.7,1604.9,1598.7,1599.2,1600.6,1611.8,1635.2,1662.2,1688.6,1714.5,1729.7,1733.6,1756.2,1796.5,1840,1883.6,1926.4,1947,1950.1,1950.1,1952.3,1955.7,1951.2,1945.8,1939.9,1931.9,1922.9,1920.5,1902.4,1866.3,1826.8,1787.3,1749.3,1727.8,1724.7,1725.8,1724.2,1714.2,1698.4,1683.4,1667.6,1654.2,1650.1,1629.6,1553.6,1454.7,1354.6,1253.6,944.87,690.86
467.31,649.24,834.64,876.59,907.3,922.15,926.04,933.08,951.77,983.61,1019.2,1053.6,1081.3,1097.8,1101.5,1102.5,1105.7,1110.5,1115.5,1120,1123.6,1124.8,1126.8,1150.5,1202.4,1278.2,1356.3,1432,1485.9,1511.7,1512.3,1505.7,1490.1,1472,1454.3,1438,1427.1,1424.6,1429.3,1453.2,1498.4,1552,1606,1655.3,1684.7,1693.3,1692.2,1684.8,1668.6,1649.2,1630.5,1613.1,1602.2,1600.5,1607.4,1624.9,1653.8,1686.5,1718.6,1745.3,1759.9,1764.4,1778.9,1805.1,1840.3,1877.8,1914.1,1936.6,1947.6,1949.8,1953.1,1961.3,1967.1,1972.3,1977,1978.5,1975.2,1972.6,1954.5,1916.6,1866.9,1817,1768.8,1736.7,1725.1,1725.3,1720.4,1708.8,1693.1,1677.9,1662.7,1652.5,1649.5,1633.1,1577.2,1489.4,1388.9,1288.7,975.84,701.69
453.94,634.26,822.83,866.06,906.42,933.01,941.72,951.84,975.03,1006.3,1039,1070.5,1092.3,1101.7,1102.8,1102.4,1104.8,1115.8,1128.2,1140.5,1153.1,1162.1,1167,1199.1,1259.1,1331.9,1405.3,1474.1,1514.3,1526.7,1526,1520.7,1507.9,1496.7,1485.9,1475.4,1469.9,1471.4,1478.2,1505.1,1551.9,1603,1654.5,1699.1,1723,1727.6,1726,1716,1701.8,1686.8,1671.5,1658,1653.1,1653.3,1657.1,1670.9,1693.9,1718.8,1742.7,1763.8,1774.6,1776.2,1781.4,1797.9,1826.6,1857.6,1888.1,1913.3,1928.1,1931.4,1939.3,1953.5,1968.1,1982.1,1995.3,2001.6,2002,2001.7,1988.9,1954.3,1902.5,1850.2,1798.1,1758.6,1741.2,1739,1728.3,1711,1692.3,1673.9,1657.5,1650.2,1649.4,1645.4,1611.3,1537.4,1442.5,1348.2,1022.8,726.88
444.5,627.29,818.68,865.08,912.34,948.47,958.05,970.07,996.47,1024.5,1053.1,1080.7,1097.3,1099.5,1099.7,1099,1105.6,1126.7,1148.7,1170.9,1193.5,1208.1,1212.6,1250.3,1312,1375.5,1439.3,1498.8,1524.2,1525.3,1525,1523.3,1521.8,1523.1,1524.8,1526.3,1529.5,1532.1,1538.4,1565.6,1604.2,1642.2,1681.2,1713.5,1724.8,1724.6,1725.2,1721.4,1719.3,1718.3,1716.9,1715.4,1717.8,1719.9,1721.4,1729,1740,1751.4,1761.5,1771,1774.7,1775.4,1775.4,1785.8,1810.6,1837.3,1863.4,1889.7,1906.7,1910.1,1920.7,1940.1,1958.8,1976.3,1993.1,2000.8,2000,2000.5,1996.7,1968.9,1920.5,1871.9,1822.9,1778.2,1757.9,1756.1,1740.1,1717.1,1695.2,1673.4,1653.5,1648.1,1649.8,1650.5,1635,1569.8,1482,1395,1064.7,750.18
446.02,632.05,826.46,875.79,926.27,963.68,973.03,985.06,1009.3,1034.5,1060,1084.6,1098.1,1099.5,1099.4,1099.5,1114.8,1144.9,1176,1207.4,1238.3,1253.3,1257.8,1294.9,1348.9,1403.1,1457.9,1508.3,1525.1,1525,1524.5,1526.5,1538,1551.5,1565.2,1579.2,1590.7,1592.3,1599.2,1623.3,1649.9,1676.1,1703.1,1722.8,1725.1,1724.9,1725.4,1730.3,1741.5,1753.4,1765.2,1776.5,1783.2,1785,1786.8,1786.7,1784.5,1782.9,1779.8,1776,1774.4,1774.6,1773.3,1780.2,1801,1823.7,1846.4,1870.1,1886.7,1890.1,1900.4,1922.7,1945.4,1967,1987.8,1999.8,2000.1,2000.3,1997.6,1972.6,1927.4,1881.7,1835.9,1793,1772.9,1771.7,1754.9,1729.1,1704.2,1679.3,1655.7,1648.2,1649.6,1650.3,1640.3,1582.4,1501.6,1421.7,1091.4,771.36
459.08,648.09,845.48,898.21,947.4,978.71,988.02,998.24,1015.6,1036.8,1058.3,1078.9,1090.2,1094.4,1093.9,1101,1127.1,1167.3,1208.5,1250.2,1284.2,1298.6,1304.1,1331.8,1371.7,1416.4,1461.7,1502,1518.8,1523.6,1524.1,1533.3,1556.6,1582.5,1608.5,1634,1650.7,1652.8,1659.9,1674.7,1688.7,1702.7,1716.8,1723.5,1722.4,1722.1,1724.9,1739.7,1765.1,1791.3,1816.7,1839.1,1849.6,1850.7,1850.9,1842.8,1827.2,1811.3,1794.3,1777.4,1769.6,1769.2,1771,1779,1796.9,1816.7,1836.4,1854.1,1866.6,1870,1879,1901.1,1928.8,1954.1,1978.6,1995.6,1999.8,1998.8,1990.1,1964.5,1922.8,1880.4,1838,1804.4,1788.1,1786.1,1771.9,1746.3,1718.2,1690.1,1664,1650.7,1649.6,1647.5,1628.2,1575.3,1501.9,1428.3,1101,790.48
482.7,677.92,877.93,930.71,974.11,996.66,1002,1006.5,1015.4,1038.7,1067.8,1096.3,1120.7,1140.6,1144.4,1150.3,1176.1,1215.2,1255.1,1296.3,1329.7,1343.6,1345.8,1358,1382.4,1419.2,1457.3,1494,1520,1533.4,1537.2,1553.1,1583.3,1618.9,1654.8,1687.6,1707.4,1712.5,1714.5,1716.7,1719.9,1727.6,1735.3,1740.9,1746.4,1750.7,1754.5,1771.3,1801,1834.7,1867.2,1895.5,1911,1914.5,1909.2,1894.2,1874.1,1855.7,1836.4,1821.9,1818.5,1819,1813.8,1815.1,1821,1826.6,1833.3,1843.9,1849.1,1850.2,1857.4,1877.2,1907,1935.3,1962.5,1983.9,1993,1990.4,1974.6,1944.7,1907,1868.9,1832.8,1810.5,1802.7,1801.6,1790.6,1767.2,1738.2,1709.5,1682,1664.8,1661,1649.8,1613.7,1554.5,1486.2,1416.8,1096.6,800.72
509.02,709.11,908.93,956,990.52,1001,1001.3,1002.3,1010.2,1051.9,1102.3,1151.8,1200.9,1242.6,1249.1,1246.7,1260.6,1281.3,1301.5,1323.1,1344.8,1351.3,1350.6,1354,1374.4,1415.4,1457.1,1499.4,1538.1,1559.5,1563.8,1582.9,1614.5,1647.5,1680.8,1710.5,1724.6,1725.7,1725.5,1724.6,1732,1749.1,1765.7,1782.2,1799.7,1808.8,1810.8,1825,1847.6,1871.4,1894.9,1915.8,1925.1,1926.6,1924.1,1913.7,1909.4,1909.5,1908.7,1910.5,1920.9,1923.8,1906.8,1889.4,1874.5,1859,1844.9,1846.2,1848.7,1848.7,1850.4,1865.2,1892.9,1919.7,1945.9,1970.9,1982.5,1979,1958.3,1924.5,1888.3,1852.6,1819.2,1803.5,1801.6,1802.9,1797.6,1779.6,1754.8,1730.6,1705.4,1686.8,1682.5,1666.7,1612.6,1542.4,1471.2,1398.5,1078.6,796.46
528.52,729.11,929.12,970.41,998.43,1000.6,999.97,998.29,1016.9,1079.7,1150.6,1220.4,1292,1343.4,1349.5,1345.4,1345,1345.2,1345.2,1346.3,1349.5,1350.1,1349.7,1349.5,1372.6,1418.9,1465.9,1513.5,1561,1584.8,1588.8,1609.4,1637.8,1665.5,1693.6,1718.3,1725.8,1725.1,1724.9,1726.7,1745.6,1774.4,1802,1829.8,1855.7,1864.3,1866.6,1878.3,1890.7,1903.1,1915.5,1924.5,1925.2,1925.3,1924.6,1927.5,1943.9,1964.1,1983.8,2004.3,2021.5,2024.2,2005.6,1970.5,1935.2,1900.1,1865.9,1849.3,1849.5,1849.9,1848.5,1860.3,1885.7,1910.3,1934.5,1960.2,1972.5,1968.7,1945.6,1910.7,1876.5,1842.4,1810.7,1799.2,1800,1801,1800.4,1788,1767.8,1747.9,1727.1,1708.1,1702.6,1687.1,1622.9,1546.1,1470.5,1393.3,1069.1,793.05
539.77,739.91,939.85,975.06,996.79,999.9,998.31,1001.6,1041.9,1124.8,1215.7,1307,1393.8,1443.5,1449.8,1445.2,1430.2,1410.4,1390.3,1371.2,1354.9,1349.8,1349,1354.4,1384.5,1435.7,1487.8,1540.9,1587.8,1609.8,1614.2,1632.7,1654.9,1677.6,1700.5,1719.9,1724.4,1724.7,1724.4,1734.5,1765,1804.8,1843.5,1882.4,1911,1919.2,1921.3,1927.2,1928.3,1929.6,1931,1929,1924.5,1924.4,1926,1946.7,1984,2024.3,2064.6,2102.9,2122.4,2124.7,2106.5,2060.4,2004.1,1948.7,1894.2,1857,1848.1,1849.2,1849.2,1860.1,1883.4,1906,1928.6,1951,1962.4,1958.6,1937.5,1906.5,1874,1841.9,1812.4,1800.9,1799.9,1801.1,1800.6,1792.4,1776.5,1760.5,1743.8,1728.7,1723,1707,1647.8,1568.4,1488.2,1407,1079,794.01
542.7,741.22,941.72,970.57,990.09,998.74,999.18,1019.6,1084.4,1187.9,1299.9,1412,1502.1,1548.4,1555.2,1543.5,1516.1,1476.9,1435.7,1395.5,1365.3,1351.8,1351,1367.9,1407.7,1464.4,1521.6,1578.1,1618.8,1636.3,1639.7,1650.9,1665.6,1683.4,1701.4,1716.6,1723.5,1726.1,1729.6,1750.5,1791.9,1842.8,1893.1,1939.6,1968.6,1977.2,1976.7,1973.5,1964.2,1954.5,1944.6,1934.2,1927.5,1926.2,1936.1,1972.3,2029.5,2090.6,2151.9,2202.4,2227.1,2230,2209,2157.4,2083,2006.6,1931.6,1876.4,1852.4,1851.1,1854.7,1866.9,1887,1907.5,1927.7,1944.8,1952.6,1950.1,1934.9,1910.2,1879,1848,1819.4,1803.2,1797.1,1798.2,1795.9,1789.6,1778.5,1767.2,1755.2,1746.7,1742.9,1729.5,1683,1608.5,1524,1439.4,1104.6,802.77
536.24,739.88,952.22,988.64,1021.8,1047.3,1054.2,1085.1,1165,1273,1383.9,1494.3,1571.9,1602.4,1604.6,1594.1,1566.8,1531.1,1492.7,1454.2,1425.8,1414.8,1413.5,1429.8,1468.8,1517.2,1564.9,1611.1,1642.5,1651.5,1651.5,1655.8,1668.3,1691.9,1715.4,1738.5,1757.7,1768.3,1773.9,1798,1840.9,1888.8,1936,1977,1999.6,2003.6,2001.6,1995.6,1987.3,1981.6,1974.7,1968.9,1968.1,1969.5,1983.7,2025.6,2086.3,2148.8,2211.2,2258,2278.2,2280.1,2266.2,2222,2150.1,2074,1998.2,1936.4,1905.4,1901.2,1899.6,1905.2,1914.9,1924.2,1934.2,1945.9,1949.4,1948.4,1940.5,1921,1891.3,1861.6,1832.5,1810.5,1800.5,1800.3,1795.1,1787,1777.1,1766.9,1757.2,1752.6,1751.4,1747.3,1717.6,1653.3,1571.5,1489.3,1143.4,822.81
531.04,747.28,973.11,1022.4,1072.1,1113.1,1120.4,1155.5,1243.8,1340.7,1437.1,1533.6,1592.6,1600.6,1599.8,1596.9,1582.9,1564,1541.8,1519.6,1500,1491.9,1489.8,1503.9,1535.9,1568.7,1600.9,1631.7,1649.8,1650.4,1649.9,1651,1669.7,1704.1,1737.9,1772.1,1805,1819.6,1824.7,1849.2,1886.1,1922.7,1959.3,1989.8,2001.3,2000.5,1999.6,1997.9,1999.5,2004.7,2008.6,2012.8,2018.5,2020.2,2035,2080.1,2132.4,2183.5,2235.2,2270.2,2276.2,2275.3,2273.3,2246.2,2187.7,2124.7,2062.2,2001.8,1966.7,1962.6,1957,1953,1950.4,1947.4,1945.1,1948.7,1950,1949.9,1947.3,1930.1,1901,1872,1842.9,1816.8,1805.4,1805.1,1797.2,1786.6,1775.6,1764.1,1753.5,1750.5,1750,1750.3,1736.8,1678.9,1602.3,1525.8,1175.5,839.01
539.63,769.54,1008.3,1070.2,1133.2,1178.8,1185.2,1221.5,1303.3,1387.5,1470.8,1554.4,1599.4,1600.9,1599.5,1599,1599.8,1596.7,1589.5,1582.5,1575.6,1567.6,1565.2,1579,1597.8,1615.3,1632.5,1648.1,1651.3,1650.1,1649.4,1653.6,1682.3,1726.5,1770.4,1815,1854.7,1869.4,1875,1897,1923.4,1949.5,1976,1996.3,2000.3,2000,1999.2,2004.4,2016.7,2031.8,2045.7,2060.4,2069.1,2070.3,2085,2125.4,2167.9,2209,2250.5,2275.6,2276.3,2275,2275.4,2260.6,2214.6,2163.7,2113.4,2062.7,2027.3,2022.8,2017,2002.7,1987.6,1972.7,1958.2,1949.9,1949.5,1950,1948.3,1931.8,1903.6,1875.6,1847.5,1821.4,1810.2,1809.8,1801.6,1789.3,1777.1,1764.8,1753.5,1749.7,1749.9,1750.4,1741.4,1689,1617.6,1546.2,1195.9,854.86
561.11,804.01,1055.9,1131.6,1202.1,1244,1252,1283,1343,1414.2,1484.6,1553.7,1590.8,1600.9,1599.8,1602,1613.2,1624.9,1632.8,1640.5,1645.9,1642.7,1641,1648.8,1652.9,1654.9,1656.6,1656.3,1650.3,1648.3,1649.2,1664.1,1704.2,1758.7,1813.1,1866.6,1906,1919.8,1925.3,1939.2,1955,1970.8,1986.9,1996.9,1998.6,1998.2,1999.4,2012.5,2035.3,2060.8,2085.3,2108.4,2119.5,2121.1,2133.5,2161.2,2192.9,2223.6,2254.3,2271.3,2274.2,2273.8,2272.1,2260.6,2227.9,2189.6,2151.1,2115,2088.6,2083.6,2076,2054.8,2026.8,1999.3,1972.3,1953.2,1947.2,1947.7,1942.4,1925.2,1898.5,1871.9,1845.7,1824.7,1815.4,1814.1,1806.9,1794.8,1781.4,1767.9,1755.8,1749.8,1748.8,1747.2,1728.9,1680.7,1615.1,1548.6,1200.6,869.25
596.54,854,1118.3,1204.8,1273.8,1310.1,1316.1,1330.2,1365.4,1420,1478.5,1535.7,1578,1600.5,1604.4,1610.6,1627,1651.3,1673.7,1694.8,1710,1715.7,1714,1711.2,1702.6,1692.4,1682,1671.2,1663.5,1661.8,1667.1,1692.8,1742.3,1803.8,1865.4,1921.4,1956.9,1968.4,1970.1,1973.1,1979.2,1988,1997,2003.9,2009.6,2012.4,2016.6,2033.7,2062.2,2094.4,2125.4,2152.4,2166.4,2169.2,2173.4,2186.5,2208.4,2232.6,2256.3,2275.2,2286.1,2287.9,2278,2259.7,2233,2203.6,2174.7,2155.2,2144.4,2141.7,2130.7,2105.9,2069.6,2033.3,1997.4,1972.6,1961.4,1958.7,1945.2,1922.3,1894.3,1866.7,1841.9,1827.9,1823.1,1821.9,1815.6,1804.9,1792.7,1780.4,1769.6,1763.5,1762.1,1750.8,1716.5,1661.4,1598.4,1534.7,1193.5,875.48
632.97,898.26,1163.7,1247.9,1307.2,1326.5,1326.1,1329.5,1352.3,1403.9,1461,1517.8,1570.6,1604.2,1609.7,1618.4,1638.6,1663.5,1687.3,1710.1,1724.4,1727.7,1726.4,1723.6,1717.3,1714,1711,1708.1,1707.9,1711,1716.9,1745.6,1795,1848.1,1901.4,1948.7,1972.9,1976.2,1975.7,1975.8,1985.9,2003.4,2020.7,2038,2055.4,2063.5,2066.1,2080.3,2103.1,2125.8,2147.5,2167.3,2175.9,2175.9,2175.8,2184.2,2213.2,2247.5,2281.4,2315.3,2340.8,2345.4,2323.7,2288.2,2249.7,2210.8,2172.4,2154.7,2151.4,2151.6,2146,2127.6,2098,2068.1,2037.8,2013.4,2002.1,1998.2,1973.2,1938.3,1902.5,1867,1835.4,1825.2,1824.7,1824.7,1820.9,1815.7,1811.8,1807.1,1802.8,1801.9,1802.8,1784.7,1730,1660.1,1589.7,1519,1176,870.43
656.36,922.08,1187.1,1266.1,1319.2,1325.7,1324.9,1324.1,1342,1394.9,1453.3,1511.1,1569.6,1609.3,1614.7,1624.8,1647.2,1670.2,1692.6,1714.3,1725.9,1725.7,1725,1724.3,1726.5,1733.6,1740.8,1748.1,1756.1,1760.8,1766.4,1797.1,1841.5,1884.1,1927.2,1964.5,1976.6,1974.9,1974.7,1978,1998.3,2026,2053.3,2080.9,2105.1,2113.2,2116.2,2126.5,2139.4,2151.9,2163.4,2172.7,2175.1,2175.3,2174,2185.1,2225.6,2271.2,2315.9,2362.2,2396.2,2400.9,2377,2327.4,2277.5,2227.5,2177.3,2150.6,2150.2,2150.2,2149.4,2139.6,2118.2,2096.3,2074.5,2053.6,2041.9,2038.5,2008.4,1963.3,1919.8,1876.3,1836.2,1823.2,1825,1824.3,1823.6,1826.3,1830.7,1833.9,1838,1842,1843,1825,1757.8,1677.9,1599.7,1520.9,1169.6,868.43
662.68,927.45,1192.6,1266.6,1314.7,1325.4,1325.2,1325.6,1346.5,1399.4,1458.7,1517.8,1575.9,1613.5,1619.7,1629.2,1649.2,1670.7,1691.9,1712.3,1723,1724.1,1723.4,1725.7,1738.5,1756.1,1773.5,1791.4,1806.5,1810.9,1816.9,1843.1,1876.7,1909.5,1942.3,1968.9,1975.3,1974.1,1973.9,1985.7,2016.7,2054.6,2092.3,2129.6,2155.6,2163.3,2166.5,2171.1,2173.4,2175.7,2177.2,2176.1,2174.2,2174.3,2175.6,2197.8,2249,2305.7,2362,2417,2450.8,2456,2433.1,2379.1,2316.8,2255.8,2194.5,2155.8,2148.7,2150.1,2149.7,2146.9,2133.9,2120.2,2106.5,2093.1,2082.5,2078.7,2050.2,2000.7,1948.6,1896.8,1848.2,1825.1,1822.9,1822.1,1826,1838.1,1851.1,1862.7,1875.5,1883.2,1883.3,1864.7,1800.4,1713.7,1627.4,1540.7,1181.7,869.75
654.56,915.62,1181.2,1250.1,1299.2,1323.8,1327.3,1335.8,1366.5,1419.9,1479.6,1539.8,1590.4,1618.7,1624.7,1631.2,1646.3,1666.7,1687.1,1706.7,1719.6,1724.5,1724.5,1733.3,1755,1782.9,1810.6,1838.1,1856.9,1862.6,1867.2,1881.9,1903.1,1926.1,1948.9,1966.9,1974.7,1975.6,1978.8,2001.9,2042.7,2090.6,2138.6,2182.3,2207,2215.1,2216.5,2214,2206.7,2199,2189.9,2180.4,2175,2174.7,2184.5,2221.5,2284.2,2352.4,2419.8,2477,2507.6,2512.2,2491.5,2441,2369.1,2296.6,2224.5,2172.5,2150.4,2149.9,2149.7,2149.9,2145.5,2140.5,2135.2,2130,2124.7,2120.9,2096.9,2049.4,1989.2,1929,1871.8,1835.8,1823.3,1823.3,1832.1,1850.9,1872,1891.9,1912.1,1923.1,1924.4,1907.8,1856,1770.6,1675.1,1581,1211.6,878.88
633.74,891.13,1161.8,1232.2,1295.5,1338.1,1350.2,1365.1,1403.7,1457.7,1513,1568.5,1608,1624.4,1625.1,1627.6,1638.8,1671.2,1706.7,1741.9,1774.1,1798,1799.5,1800,1813.6,1833.5,1853.2,1874.1,1892.9,1899.1,1899.2,1903,1916.2,1938,1959.3,1980.5,1998,2005.5,2011.2,2039.6,2084.5,2133.6,2182.9,2225.4,2246,2250.9,2249.4,2241.9,2236.4,2238.4,2238.5,2240.5,2248.9,2255.9,2264.7,2300.8,2358.6,2418.6,2477.8,2527.3,2550.6,2553.1,2540.6,2498.7,2428.7,2356.5,2283.9,2224.3,2194.2,2191.4,2184.1,2175.7,2167.5,2159.2,2151.5,2150.4,2150.6,2150,2133.9,2094.4,2043.4,1992.3,1941.8,1907.2,1896.2,1892.2,1891,1900.3,1911.9,1922.4,1937.4,1949.4,1951,1944.7,1909.6,1833.8,1736.5,1641.2,1256.5,901.75
615.67,877.62,1153.9,1229.2,1304.9,1363.5,1376.5,1393.4,1437.8,1488,1538.1,1588.2,1619.9,1625.4,1624.8,1624.1,1640.2,1691.7,1745.7,1799.3,1853.4,1890.6,1891.4,1884.8,1884.5,1886.3,1887.8,1890.5,1897.9,1899.8,1899.4,1900.1,1916.9,1946,1974.4,2002.9,2030.6,2041.5,2046.9,2078.4,2120.6,2162.3,2204.6,2240,2250.2,2249.8,2249.6,2246.5,2258.5,2280.6,2300.9,2321.4,2344.7,2353.3,2360.3,2390.8,2431.5,2471.4,2510.9,2541.9,2550.8,2550.8,2550,2523.1,2463.6,2402.2,2340.1,2279.6,2245.1,2242.7,2230.5,2211.2,2192.4,2173.7,2155.6,2149.4,2149.9,2150.5,2145.7,2121.9,2088.4,2055,2021,1992.6,1983.3,1978.8,1967.6,1961.3,1955,1948.1,1946.1,1950.7,1950.3,1951.3,1935.7,1867.3,1774.3,1684.4,1293,918.61
615.87,883.23,1164.7,1244.9,1326.4,1389.1,1401.6,1418.9,1461.9,1506.6,1551.6,1596.7,1623,1624.8,1624.7,1625.4,1657.1,1726.9,1799,1870.6,1941.2,1980.9,1981.6,1974.1,1958.5,1942,1925.6,1910.1,1900.6,1899.9,1900.1,1902.5,1925.4,1961.3,1996.6,2031.7,2064.7,2076.3,2081.5,2111.6,2147.1,2181.5,2217,2245.9,2250.5,2249.7,2249.4,2258.6,2290.6,2331.7,2371.1,2410.9,2440.9,2448.3,2456,2476.6,2497.1,2518,2538.5,2549.6,2549.5,2550.3,2551.6,2535.4,2485.7,2434.2,2382.5,2330,2294.8,2292.8,2279.7,2251.3,2222.3,2193.8,2165.6,2150.3,2149.8,2150,2150.8,2144.6,2128.1,2111.7,2095.3,2078.1,2068.2,2065,2050.3,2027.7,2004,1980.3,1959.8,1951,1950,1951.8,1942.4,1879,1790.9,1706,1314.2,933.59
635.13,907.88,1194.1,1279.7,1360.6,1413.9,1426.3,1442.1,1475.2,1514.5,1554.1,1593.4,1615.8,1622.1,1621.7,1635.9,1688.5,1776.6,1867.5,1958.4,2034.4,2071.9,2073.1,2062.9,2035.1,1999.2,1963.8,1929.2,1903.4,1895.9,1897.2,1909,1939.9,1983.3,2026.6,2068.9,2100.5,2112.2,2116.9,2138,2165.1,2192,2219.6,2241.7,2247.6,2246.9,2249.8,2277.2,2329.3,2390,2449.4,2505.3,2536.7,2543.9,2549.7,2555.8,2557.4,2559.6,2561.2,2555.5,2551.4,2552.3,2549.9,2535.7,2497.1,2455.1,2413,2373.8,2346.3,2342.8,2329.7,2297.1,2257.7,2218.6,2180.1,2154.6,2148.2,2148.6,2152.6,2160.4,2161.8,2162.9,2164.2,2161.6,2155.3,2152.8,2134.6,2097.8,2056.3,2014.8,1976.1,1953.1,1948.8,1949,1929.5,1870.4,1787.7,1707.5,1317.9,947.58
669.22,950.82,1241.6,1331.1,1401.7,1440.6,1449.2,1457.3,1477.7,1512.6,1554.3,1594.7,1626.4,1646.8,1654.5,1682.6,1750.8,1850.9,1953.7,2054.4,2127.7,2161.5,2162,2145.7,2110.5,2064.3,2018.4,1974,1944,1933.3,1934.9,1949.8,1982,2024.4,2067,2108.1,2135.8,2145.7,2147,2156.3,2174.6,2200.2,2225.7,2249.6,2265.4,2271.2,2281.5,2320.5,2385.4,2460,2534.2,2596.6,2630.5,2638.6,2635.8,2626.1,2610,2592.9,2575.8,2560.2,2552.8,2551.9,2544.5,2525.8,2495.5,2463.5,2431.7,2407.6,2394.5,2393,2380,2347.4,2301.3,2254.4,2208.4,2175.5,2161.3,2160.8,2165.9,2177.9,2193.4,2209.3,2225.1,2236,2239.9,2236.5,2214.1,2171,2113.4,2055.2,2000.8,1965.8,1952.9,1943.2,1907.3,1843.7,1766.1,1688.6,1308,953.82
699.72,989.7,1280.5,1369.5,1430.3,1451,1451.4,1452.6,1466.5,1514.9,1575.1,1634,1691.2,1735.9,1748.1,1778.6,1849.9,1937.1,2023.8,2108.5,2163.2,2178,2176.9,2167.8,2144.4,2119.1,2094.3,2069.4,2053.5,2052.1,2051.1,2052.8,2068.6,2088.3,2107.9,2128.9,2146.8,2150.6,2149.8,2153.5,2178.1,2219.9,2260.8,2302.5,2339.5,2354.7,2364.2,2403.3,2461.8,2521.9,2582.4,2631.3,2651.6,2652.4,2650.7,2641.7,2622.3,2601,2580.1,2560.2,2548.2,2546.4,2535.5,2511.5,2482.1,2452.9,2423.9,2405.9,2400.8,2401.4,2396.2,2372.1,2331.6,2290.2,2249.5,2214.3,2197.3,2196.9,2199.9,2208.2,2218.9,2230.1,2241.1,2249.5,2252,2252.5,2240.8,2204,2147.7,2091.2,2034.2,1990.1,1972.9,1956.5,1900.4,1823.2,1742.9,1661.6,1284.1,946.17
717.01,1007.8,1297.9,1384.7,1442.9,1451,1450.1,1448.3,1468.8,1536.7,1614.9,1692.2,1771,1827.3,1837.9,1870.3,1936.5,2004.7,2072.9,2139.4,2173.9,2175.5,2175,2173.6,2172,2170.5,2169,2167.5,2167.3,2167.6,2166.3,2161.8,2156.8,2153,2149.4,2147.2,2148.2,2149.8,2149,2153.5,2193,2251.2,2308.2,2366.3,2418.6,2434.9,2444.6,2482.5,2526.3,2569.5,2613.6,2645.7,2650.8,2650,2650.3,2643.2,2622.6,2600.7,2579,2557,2542.6,2541.1,2529.2,2502.6,2473.9,2445.5,2417.6,2401.4,2399.7,2400.2,2400.5,2384.7,2351.3,2317.2,2283.9,2250.3,2232.2,2232.1,2233.7,2236.4,2239.6,2243.4,2246.9,2249.4,2249.9,2251.3,2248.7,2216.9,2165,2113,2059.9,2011,1993.2,1976.3,1907.1,1822.5,1738.8,1653.3,1272.2,943.41
715.94,1006.3,1296.4,1381.1,1437.5,1450.5,1449.2,1451.1,1490.4,1577,1673.2,1769.3,1862.5,1918.1,1928.3,1958.1,2006.6,2056.3,2106.2,2154.3,2173.1,2174.3,2173.7,2178.9,2199.9,2221.6,2243.2,2265.4,2281.9,2282.6,2281.2,2273.1,2246.1,2219.1,2192.5,2167.3,2148.9,2149.4,2148.9,2165.2,2221.3,2295.7,2368.8,2442.7,2499.3,2515.2,2525.1,2553.7,2580.7,2607.8,2635.9,2651.6,2650,2649.9,2649.1,2640.3,2619,2596.1,2573.6,2551.8,2538.1,2536.1,2524.4,2500,2472,2444.5,2417.8,2402.4,2399.4,2400.2,2400.8,2391.1,2364.9,2337.8,2311.3,2284.5,2267.4,2267.2,2268,2264.9,2261.1,2257.9,2254.3,2250.6,2250.1,2250.9,2246.4,2217.7,2170,2121.8,2073.1,2030.2,2013.3,1995.8,1930.5,1843.3,1755.3,1665.9,1281.2,944.43
697.92,983.12,1273.7,1355.9,1415.8,1446,1449.4,1468.5,1532.6,1637.6,1752.2,1867.3,1961.2,2010.6,2021.3,2038.1,2062.6,2088.1,2114.6,2138.8,2147.4,2148.9,2150,2169.7,2212.2,2262.8,2313.4,2363.3,2393.8,2401.5,2399.1,2382.1,2339.9,2288.6,2238,2189.5,2155.6,2146.4,2153.8,2190.9,2264.2,2355.2,2446,2529.2,2581.9,2597.9,2604.5,2615.5,2625.7,2636.4,2647.6,2650.5,2650,2649.9,2645.3,2632,2609.3,2585,2561.4,2541.8,2531.1,2528.8,2520,2501.5,2475.5,2449.1,2423.9,2406.7,2399.1,2399.1,2396.8,2388.9,2370.5,2351,2332.1,2315.6,2304.1,2303.5,2301.2,2293.4,2282.7,2272.5,2261.9,2254.1,2251.4,2249.6,2236.4,2207.5,2163.9,2119.6,2077.3,2047.2,2034.4,2018.1,1966.7,1883.9,1790.9,1696.8,1306.5,951.66
668.9,946.2,1235.7,1315.3,1387.2,1433.8,1444.4,1485.3,1576.8,1700.8,1827.9,1955.6,2040.8,2075.9,2078.5,2080.2,2093.2,2204.2,2336,2466,2593.9,2712,2712.5,2628.1,2566.7,2517,2466.1,2434.7,2467.3,2479.1,2476.4,2457,2412.9,2356.5,2300.1,2246.4,2209.4,2196.2,2208.5,2257,2338.4,2430.3,2522.5,2601.4,2644.1,2653.7,2652.8,2652.1,2650.9,2649.4,2647.9,2646.5,2645.7,2644.5,2636.8,2619.4,2595.3,2571,2547.8,2531.4,2524.7,2524.2,2520.2,2507.4,2486,2464.1,2442.9,2425.4,2416.5,2415.8,2407.2,2392.8,2374.6,2356.4,2338.9,2329.7,2326,2326.3,2322,2311.6,2293.5,2274.9,2256.1,2242,2234.3,2230.4,2212.3,2180.4,2143.5,2106.2,2072.9,2054.5,2050.3,2043.9,2008.7,1937.5,1847.7,1758,1354.6,979.92
646.57,921.41,1209.2,1285.9,1364.3,1423.5,1433.4,1485.1,1603.3,1732.8,1860.9,1991.1,2066.7,2076.6,2075,2067.5,2138.7,2423.8,2729.7,3033.9,3345.6,3579.8,3580.2,3384.2,3151.4,2927.7,2702.3,2496.8,2466.9,2475.5,2475.2,2469.3,2440.9,2400.6,2360.3,2319.9,2285.6,2272.5,2284.5,2337.6,2412.7,2488.1,2564.6,2627.9,2650.1,2650.2,2650.1,2649.4,2646.8,2643.7,2640.7,2637.8,2635.5,2634.1,2625.8,2605.2,2582.3,2560.3,2539.2,2525.6,2524.2,2524.8,2524.3,2516.5,2500,2483.3,2467,2451,2442.3,2441.8,2427.2,2404.2,2380.7,2357.3,2334.2,2325.5,2325,2325.2,2323.4,2311.9,2288.7,2265.1,2241.4,2219.8,2208.2,2204.8,2183.9,2152.3,2120.8,2088.9,2060.6,2050.1,2050.3,2050.4,2034.1,1974.5,1894.9,1816.1,1405.9,1012.2
642.71,915.6,1201.4,1276.2,1352.8,1413.5,1422.9,1475.9,1600.2,1731,1861.1,1993.8,2070,2075.8,2072.8,2076.5,2293,2747.3,3221.2,3695.6,4164.1,4421,4424,4203,3811.5,3417.6,3024.2,2646.9,2474.1,2473.3,2475.2,2475.9,2462.8,2437.5,2412.3,2386.9,2361,2347.8,2359.4,2410.4,2471.7,2531.8,2593.2,2641.8,2651.1,2650,2650,2648,2643.4,2638.3,2633.4,2628.4,2625.4,2624.1,2615.7,2595.7,2574.8,2554.8,2535.7,2524.2,2524.1,2525,2525.3,2522.1,2510.8,2499.1,2487.6,2475.8,2467.4,2466.8,2451.2,2423.6,2395,2366.6,2338.5,2325.9,2324.9,2325.4,2323.4,2307,2278.7,2250.1,2221.3,2194.7,2183,2180.2,2159.8,2132.6,2106,2079.1,2055.3,2049.3,2050,2050.5,2043.6,1994.5,1925,1856.3,1445.8,1042.7
656.88,927.63,1211.4,1284.3,1354.1,1403.2,1413.7,1462.5,1568.6,1700.1,1831.2,1963.9,2045.3,2070.1,2061.3,2159.2,2552.6,3175.9,3819.2,4468.8,5012.3,5261.6,5265.2,5042.7,4557.9,3988.5,3425.5,2878.7,2537.9,2461.1,2470.3,2474.7,2476.4,2467.6,2458.6,2448.3,2435.1,2423.2,2435,2472.4,2516.7,2561.8,2608.3,2641.7,2649.8,2651,2650.4,2646.1,2639.2,2631.9,2624.6,2618.3,2615.4,2614.2,2607,2591.2,2572.2,2554.1,2536.8,2525.9,2523.5,2524.3,2524.6,2524.1,2518.4,2511.8,2505.5,2498.8,2492.9,2491.6,2477.5,2449.8,2416.3,2383.1,2350.2,2331,2324.7,2325,2317.3,2294.8,2261.3,2228.3,2194.6,2168.5,2157.9,2155.1,2140,2118.5,2096,2073.8,2054.8,2048.1,2047.8,2048.1,2036.9,1997.6,1938.8,1880.4,1471,1072.5
685.16,959.42,1240.6,1311.2,1367.1,1398.1,1403.6,1435.1,1513.7,1643.3,1787.6,1931.6,2042.6,2103.9,2131.1,2378.6,2934.9,3722.2,4531.4,5321.9,5877.5,6127.1,6128.9,5891.5,5375.2,4658,3929.5,3220.5,2731.6,2523.7,2513.1,2510.9,2509.5,2506.6,2502.8,2502.6,2503.8,2501.2,2505.6,2522.3,2546.8,2574.3,2602.6,2625.6,2636.7,2640.2,2640.4,2636.5,2629.7,2622.6,2615.4,2608.3,2605.2,2604.3,2600.5,2590.1,2575.3,2560.4,2546,2535,2530.6,2530.4,2529.3,2528.2,2525.7,2523.2,2520.8,2519.5,2518.2,2517.6,2506.1,2481.1,2443.6,2405.5,2367.7,2340.9,2327.3,2323.6,2307.1,2276.8,2237.7,2199,2162.8,2140.1,2131.7,2130.9,2123.8,2110.4,2096,2082.3,2069.5,2063.1,2063.7,2057,2033.2,1992.2,1941.1,1889.5,1484.2,1095.2
710.73,990.89,1271.2,1339.7,1386,1400.3,1398.5,1407.6,1462.4,1615.4,1794.8,1973.1,2140.4,2258.2,2301.8,2657.9,3351.4,4176.6,5004.5,5808.6,6273.7,6404.2,6406.4,6274.3,5831,5097.6,4350,3602.8,2991.1,2691.5,2671.1,2639.2,2606,2574.7,2542.3,2520.8,2524.7,2526.4,2525.8,2531.6,2545.3,2560.6,2576.3,2592.5,2602.1,2603.3,2606.1,2607.9,2607.3,2606.4,2606.1,2602.8,2599.9,2599.6,2599.1,2592.8,2582.5,2572.8,2563.1,2554,2550.5,2551.2,2547.4,2542.2,2537.1,2532,2526.8,2525.7,2525.8,2525.8,2520.8,2501.5,2464.2,2425.3,2386.5,2352.7,2332.8,2327.4,2303.2,2264.9,2223,2181.8,2144.2,2127,2123.8,2125.1,2122.2,2116.6,2114.4,2112.7,2109.9,2111.2,2116.5,2102.2,2057.8,2001,1943,1883.8,1475.4,1096.7
724.82,1006.2,1286.1,1353.7,1398.3,1401.3,1399.5,1395.7,1451.2,1638.8,1850.3,2059.4,2272,2421.2,2457,2856.8,3629.3,4416.3,5206.5,5978.1,6361.8,6375.8,6379.3,6357.2,5984.4,5284.7,4575,3864.6,3180.5,2847.9,2832.6,2784,2718.1,2654.6,2589.9,2534.9,2523.2,2525.4,2525.1,2526.2,2533.5,2542,2550.8,2559.8,2567.4,2567.9,2570.5,2577.4,2583.6,2589.8,2597,2600.9,2600,2600,2600.1,2598,2591.7,2585.9,2580.1,2574.2,2570.5,2571.5,2567,2557.7,2548.7,2539.6,2529.8,2525.1,2525.3,2525.1,2526.2,2511.2,2475,2437.1,2399.4,2360.6,2337.6,2332.7,2304.1,2260.9,2218.3,2176.3,2137.4,2123.8,2124.8,2125.9,2126.2,2130.2,2138.6,2146.7,2153.8,2161.7,2167.8,2153.6,2095.7,2026.5,1958.2,1888.1,1468.9,1093.8
722.85,1004.3,1284.2,1350.9,1394.9,1401.4,1398.8,1403.2,1493.8,1713.5,1957,2198.8,2435.3,2581.2,2619,3003.6,3717.3,4473.7,5231.8,5969.6,6336.7,6377.3,6380.4,6334.2,5982.3,5316,4638.3,3958.7,3331,3009.4,2992.9,2942.2,2849,2752.8,2656,2568.6,2527,2524.5,2526,2524.5,2524.6,2526.2,2528.1,2529,2532.3,2532.9,2535.4,2545.1,2558.3,2571.6,2585.7,2596.7,2600,2600,2600.1,2601.1,2599.4,2597.5,2595.8,2593.9,2591.1,2591.6,2588,2576,2562.7,2549.6,2535.8,2526.4,2525.1,2525.4,2525.1,2509.6,2474.4,2437.5,2400.6,2364.3,2342.7,2337.5,2310.3,2267.6,2223.9,2180.9,2141.2,2125.3,2124.7,2125.3,2130.3,2144.9,2163,2181,2198.8,2212.1,2217.5,2204.1,2146.2,2067.6,1989.2,1909.1,1479.4,1094.3
707.93,985.6,1265.7,1331.6,1378.9,1398.4,1398.8,1443.3,1589.2,1841.5,2117.9,2393.7,2622.9,2746.5,2790.5,3077.7,3632.3,4345.8,5075.3,5777.6,6212.7,6383.7,6385.3,6220,5818.5,5188,4539.3,3904.3,3424.1,3181.7,3157.7,3105,2998,2868.3,2738.2,2618.8,2545.6,2523.7,2525,2521.8,2516.3,2511,2505.6,2499.9,2497.8,2496.9,2500,2511.9,2530.7,2551.2,2572.6,2589.8,2598.3,2599.3,2600,2602.7,2605.1,2607.5,2610.4,2612.1,2611.8,2612.4,2608.8,2596,2578.8,2561.7,2544.1,2530.8,2526.1,2525.4,2518.1,2497.9,2463.4,2427.4,2392.3,2363.7,2348,2342.8,2322.4,2285.4,2240.8,2196.3,2155.6,2132.2,2124.8,2126.3,2137.6,2161.9,2190.8,2219.2,2246.3,2263.6,2269.6,2256.1,2206.7,2126.1,2036.6,1946.3,1505.9,1101.9
683.53,957.69,1244.3,1314.7,1377.6,1416.7,1428.6,1520.2,1722.6,2005.7,2298.1,2588,2785.8,2872.7,2880.7,3018.4,3408,3982,4580.5,5176.2,5633.4,5841,5845.7,5660.2,5255.7,4738.8,4220.8,3722.2,3390.2,3279.2,3274.8,3228.7,3123.9,2968.2,2811,2660,2550.8,2499.5,2500.4,2500.5,2497.4,2492.2,2487.1,2480.8,2475.8,2472.7,2475.1,2486.4,2506.9,2532,2558.3,2581.2,2595.1,2598.7,2600.2,2603.8,2608.1,2613.3,2619.5,2623.3,2624.8,2626.3,2623.9,2612.3,2594.4,2576.5,2558.2,2542.9,2536.5,2534.3,2518.1,2488.1,2451.3,2413.8,2378.8,2357.9,2350.4,2349.3,2337.4,2307.3,2262.5,2217.1,2172.3,2139.2,2123.5,2127,2146.5,2178.2,2214.6,2250.6,2282.2,2298.7,2303.8,2297.5,2261.1,2186.5,2089.7,1993.1,1538.3,1114.3
663.6,944.55,1239.6,1318.4,1397.6,1456.8,1468.7,1581.4,1834,2118.3,2400.2,2682.4,2849.6,2878.4,2870.1,2900.8,3145.1,3564.1,4005,4450.3,4859.6,5055.8,5059.6,4897.6,4559,4195.1,3834.8,3491.9,3293,3271.4,3276.9,3261.1,3163.3,2999.8,2837.1,2673.1,2526.4,2461.7,2464.2,2468.8,2471.6,2474,2476.4,2477.3,2475.5,2474.5,2474.5,2480.7,2500.3,2525.2,2550.6,2575.6,2594.5,2598.8,2600.3,2605,2609.8,2614.8,2620.9,2624.4,2624.8,2625.5,2625.9,2617.6,2602.9,2588.3,2573.3,2558.5,2552,2550.1,2527.3,2487.3,2446.6,2406.3,2367.8,2350.4,2349.8,2350.4,2346.5,2320,2273.7,2227.3,2180.5,2138.2,2117.7,2122.5,2149,2185.5,2222.2,2259.1,2290.7,2300.8,2300.9,2302.6,2286,2215.5,2118.6,2023.1,1561,1117.6
662.15,951.34,1254.5,1341.8,1430.4,1497,1508.3,1624.8,1888.9,2164.1,2437.9,2712.5,2867.8,2877,2874.9,2869.1,2963.4,3230.9,3519.9,3808.1,4102.1,4296.1,4298,4143.1,3928.8,3720.8,3512.5,3323.2,3269,3275.2,3276.8,3268.3,3164.6,2993.8,2824,2653,2492.1,2426.4,2428.4,2435,2444.6,2453.8,2463.3,2472,2475.1,2474.9,2475,2480,2500,2524.9,2549.8,2574.8,2594.8,2598.8,2600.2,2605,2610.4,2615.4,2621.5,2625.1,2625.3,2625.1,2626.3,2621.5,2609.6,2597.8,2586.2,2573.7,2566.7,2565.1,2540.1,2495,2451.2,2408,2366.6,2348.3,2350,2350.8,2349.4,2322.3,2274.9,2227.2,2179.4,2133.5,2112.6,2117,2145.2,2183.3,2220,2258,2291.1,2300.4,2299.4,2302.1,2290.8,2220.2,2123.2,2028.2,1566.1,1117.3
682.7,979.25,1290.4,1386.7,1477.7,1536.4,1549.6,1655.7,1879,2146.2,2413,2678.9,2837.3,2879.9,2879.3,2870.1,2860.9,2972.9,3109.6,3244.1,3388.3,3533.2,3533.1,3425.8,3355.3,3301.7,3246.4,3214.8,3265.6,3281.7,3280.9,3245.1,3128.2,2950.2,2772,2594.1,2452.6,2392.1,2392.7,2400.4,2415.3,2431.5,2448.1,2464.5,2473.5,2474.8,2476.2,2484.9,2505,2529.8,2554.9,2578.6,2594.9,2598.8,2600.1,2604.5,2610.6,2615.8,2622.1,2626.1,2627,2626.1,2626.3,2623.2,2614.3,2605.3,2596.5,2587.7,2581.8,2579.7,2557,2514.3,2467.3,2421.2,2377,2353.5,2350,2351.7,2344.6,2314.7,2266.4,2217.7,2168.1,2126.9,2107.8,2111.8,2135.8,2172.1,2209.9,2249.1,2283.4,2297.9,2300.2,2300.2,2275.5,2204.3,2107.4,2012,1552.5,1117
719.6,1027.9,1346.8,1450.6,1534.1,1579.3,1589.6,1656.2,1817.5,2058.2,2312.9,2564.5,2749,2840.3,2852.5,2839.9,2804.6,2780.4,2765.9,2750.7,2746.9,2767,2768.3,2775.5,2837,2930.3,3024.4,3126.1,3211.9,3245.5,3236.3,3168.1,3032.1,2854.6,2675.8,2508.1,2399,2357.8,2358.8,2368,2386.6,2409.4,2432.1,2454,2467.6,2471.7,2476.7,2491.6,2514.1,2539.8,2565.3,2585.8,2596.7,2599.5,2600.1,2604,2608.8,2612.1,2616,2618.8,2618.4,2616.6,2617.1,2615.4,2611.1,2606.7,2602.7,2598.1,2595.8,2594.8,2578.3,2543,2495,2445.3,2396.8,2364,2350.1,2347.2,2329.5,2292.6,2243.6,2194.3,2146.6,2115.4,2102.8,2105.8,2122.9,2153.6,2190.7,2228.8,2263.3,2284,2292.1,2282.7,2239.9,2162.4,2068,1973.4,1524.9,1109.5
758.61,1077.8,1398.4,1501.7,1574.5,1600.6,1599.8,1619.3,1726.3,1926.2,2143.8,2361.3,2557,2665.5,2682.3,2687.5,2677.5,2652.6,2626.4,2599.4,2566.2,2549.5,2547.9,2575.9,2650.2,2740.5,2832.1,2923.2,2986.1,3004.1,2996.6,2939.3,2819.9,2687.6,2555.3,2432.3,2358.6,2347.1,2348.4,2354.4,2370.9,2392.4,2413.4,2434.5,2449.4,2454,2462.8,2486.9,2516.1,2545.5,2574.6,2594.5,2599.8,2600.1,2600,2602.4,2597.5,2589,2580.9,2572.8,2562.3,2558.3,2566.5,2575.8,2583.9,2592.1,2601.1,2601.5,2600.4,2601,2593.7,2566.2,2517.2,2465,2412.5,2367.8,2343.9,2339.3,2313.2,2269,2220.3,2171.5,2125,2103.1,2099,2100.1,2109.1,2131.7,2160.8,2190.3,2219.3,2239.9,2248.7,2234.8,2181.4,2100.1,2014.8,1928.4,1493.1,1097.2
785.32,1106.2,1426.2,1525.6,1592.2,1600.9,1599.7,1598.1,1660,1825.7,2008.4,2189.3,2371.5,2490.1,2505.4,2517.5,2534.7,2548.9,2563.3,2577.3,2577.7,2574.7,2574.1,2577.1,2600.6,2636,2672.6,2709.5,2742.7,2756.8,2749.3,2698.3,2615.7,2534.3,2451.7,2378.8,2348.3,2349.7,2349.5,2351.1,2363.3,2380.5,2397.1,2414.2,2429.2,2433.8,2443,2474.2,2508.3,2541.6,2574.8,2598.4,2600.6,2599.9,2600.3,2596.9,2579.6,2559,2538.8,2518.3,2501.5,2497.7,2508.4,2529.2,2549.5,2569.7,2590.7,2600.6,2600,2600.3,2599.5,2575,2524.6,2471.6,2418.3,2366.2,2338.6,2335.4,2304.5,2256.4,2209.2,2161.3,2114.9,2098.8,2099.8,2099.6,2101.6,2114.9,2135,2155.3,2175.9,2194.4,2203.4,2189.4,2129,2052.7,1977.1,1899.8,1473.7,1093.8
792.2,1113.7,1433.9,1528.7,1591.2,1601.7,1599.9,1598.7,1635.3,1765,1912.7,2058.6,2205.2,2314.1,2330.1,2341.4,2384.6,2434.5,2484.1,2533.4,2569.4,2576,2576.3,2567.1,2541.5,2527.5,2514.6,2500.9,2497.3,2511.3,2502.9,2462.6,2427.8,2396,2362.5,2339.9,2347.8,2350.3,2350.4,2351.1,2359.2,2372.5,2385.1,2397.3,2409.2,2414,2422.6,2453.5,2491.7,2529.4,2566.6,2594.6,2601.1,2600.5,2599.5,2585.6,2555.9,2523.3,2490.8,2459.4,2441,2437.8,2448.3,2476.9,2510,2542.3,2575.3,2597.3,2601,2600.3,2597.4,2571.5,2520.2,2466.3,2412,2360.9,2333.6,2329.7,2300.1,2254,2207.7,2161,2116.2,2099.7,2099.8,2100.1,2099.1,2103,2114.4,2125.7,2136.8,2149.3,2158.6,2143.7,2089.2,2022.4,1955.7,1887.4,1471,1094.2
779.11,1096.5,1417.3,1507.1,1570.8,1598.3,1600.3,1610.7,1649.9,1743.7,1855.5,1966,2064.8,2135.5,2151,2167.4,2227.2,2311.8,2398,2484.4,2552,2578.4,2578.8,2551.4,2487.8,2422,2358.3,2295.6,2259.1,2260.1,2253.4,2241.9,2250.9,2269.2,2286.2,2313.1,2342.2,2351.1,2351.8,2353.4,2359,2368.3,2376.7,2383.9,2390.8,2394.1,2401.4,2427,2466.3,2508.7,2549.6,2582.7,2598.4,2600.8,2593.5,2567.8,2525.4,2480.8,2436,2397.9,2379.4,2376.7,2387.2,2417.7,2462.5,2507,2552.1,2586.2,2600,2599.4,2587.2,2555.2,2503.4,2448.5,2393.8,2350.8,2328.7,2323.6,2300.7,2261.8,2216.5,2170.8,2127.8,2105.8,2099.7,2100.1,2098.9,2096.4,2098.9,2101,2103,2106.6,2113.1,2100.1,2063.9,2010.9,1953.1,1894.5,1485,1099
752.68,1059.4,1375.9,1457.8,1529,1570.8,1581,1609.9,1670.5,1752.2,1837.4,1921.1,1976.1,2000.1,2002.6,2025.9,2091.9,2185.4,2282,2378.2,2450.5,2481,2482.1,2452.9,2385.6,2299,2212.2,2127.6,2070.2,2051.4,2052.9,2072.6,2112.4,2168.8,2225.3,2280.6,2317.3,2333.7,2337.5,2344,2352.2,2361.2,2369.9,2374.6,2376.7,2377.1,2380.7,2399.4,2437.9,2487.5,2535.4,2579.4,2608.7,2618.2,2598.4,2557.2,2500.8,2442.6,2384.6,2344.7,2328,2326.1,2336.1,2365.3,2420.3,2480.1,2539.7,2589.2,2619,2620.3,2591.8,2544.3,2485.2,2425.2,2367.9,2335.5,2323.6,2323.1,2310.3,2280.8,2237,2191.9,2146.8,2115.3,2100.4,2099.7,2097.5,2092.5,2087.8,2082.8,2078.1,2075.6,2076.3,2072.7,2054.7,2012.6,1953.9,1895.8,1484.1,1087.1
726.97,1026.6,1337.2,1412.4,1487.6,1540.3,1550.9,1589.6,1672.4,1763.1,1853,1942.4,1992.9,1999.9,1997.8,2003.4,2045.2,2111.7,2180.9,2250.6,2313.7,2340.8,2341.6,2317.4,2262.4,2202.9,2143.9,2086.5,2051.4,2047.7,2047.7,2055.5,2088.9,2141.6,2194.2,2247.3,2291.9,2310.7,2315.8,2327.8,2340.7,2353.5,2366.6,2374.1,2374.9,2374.8,2374.3,2384.5,2426.7,2482.5,2535.8,2589.5,2632.4,2644.1,2618.1,2560.9,2497.1,2433.9,2370,2330,2324,2324.5,2326.1,2348.7,2410.7,2478.5,2545.6,2611.1,2655.2,2657.4,2616.7,2551.5,2484.1,2417.5,2353.4,2326.4,2324.7,2326,2322.2,2297,2252.3,2207,2161.1,2119.9,2100.2,2099.4,2096,2090.9,2085.8,2080.7,2076.2,2074.7,2074.7,2075.7,2067.5,2018.2,1947.4,1878.3,1462.4,1055.6
717.4,1011.2,1315.8,1384.8,1455.6,1510.5,1521,1561.3,1653.8,1750.4,1846.6,1942.3,1997.3,2000.9,1999.5,1997.4,2012.6,2051.6,2093.6,2135.5,2179,2205.6,2206.3,2183.7,2150.1,2118.6,2086.9,2057.2,2047.9,2050.1,2049.8,2052.2,2081.3,2129.8,2177.9,2226.4,2272.1,2290.9,2296,2310.2,2327.2,2344.1,2361.2,2372.6,2375.2,2375.1,2373.8,2383.5,2431.1,2491.9,2550,2609.4,2657.8,2669.1,2642.7,2577.8,2509,2440.8,2371.9,2327.4,2324.2,2324.6,2323.5,2348.9,2417.8,2492.6,2566.8,2642,2690.2,2692.8,2650,2576.1,2501.9,2428.3,2356.8,2324.8,2324.7,2325.1,2325.2,2301.2,2256.5,2211.4,2166.2,2121.1,2100.2,2099.4,2096,2090.9,2085.9,2080.9,2076.4,2075,2075,2077,2067.6,2007,1925.1,1844.9,1427.9,1022.2
725.57,1012.2,1310.6,1373.7,1435,1479,1491.5,1529.4,1612.4,1715.5,1818.4,1920,1984.2,2004,2002.9,1998.9,1992.8,2003.7,2017.9,2032.1,2049.9,2069.7,2070.2,2054.8,2047.2,2043.2,2039,2037,2047.6,2050.9,2050.4,2057.2,2084.2,2128.2,2172.3,2216.5,2253.6,2270.5,2275.5,2289.3,2309.7,2330.5,2351.1,2366.6,2373.3,2373.3,2374.3,2394.9,2447.9,2513.6,2577.2,2639.4,2682.4,2693.5,2668.9,2610,2535.7,2462.3,2388.6,2337.6,2323.3,2323.4,2328.9,2366.1,2441,2522.8,2605,2680.5,2724.1,2727.5,2689.3,2617.2,2535,2454.6,2376.6,2333.2,2324.6,2325.9,2320.3,2295.2,2250.5,2205.1,2159.9,2120.4,2100.4,2099.4,2096.2,2090.9,2086.1,2081.1,2076.7,2075.2,2075.8,2076.2,2050.9,1979.1,1886.4,1794.8,1379.2,989.39
745.07,1029.8,1321.7,1378.8,1425.7,1452.5,1461,1489.2,1554.7,1655.9,1763.3,1868.5,1946.9,1987.8,1992.9,1988.2,1976.9,1963.9,1952.3,1940.6,1932.8,1932.3,1932.8,1936.1,1951.7,1973.1,1994.8,2017.8,2036.5,2042.7,2047.2,2065.1,2096.5,2137.4,2179.1,2216.5,2240.3,2249.7,2254.2,2266.7,2287.5,2313,2337.6,2357.8,2369.9,2374.5,2384.2,2419.5,2480.4,2550.5,2618.3,2676.5,2710,2718.3,2699.9,2652,2579.9,2503.6,2427.5,2368.6,2340.7,2336.5,2355.8,2407.7,2487.6,2573.9,2660,2726.8,2760.2,2763.4,2734.6,2672.9,2586.4,2498.7,2414.3,2355.7,2330.7,2327.8,2312.7,2280.6,2234.9,2188.3,2144.6,2114.6,2100.5,2099.4,2096.4,2091.6,2085.4,2079.3,2073.8,2070.9,2069.8,2059.2,2012.9,1926.8,1824.4,1722.7,1319.4,951.8
763.5,1053,1343,1398.3,1436.8,1450,1450.3,1460,1505.4,1591.1,1684.7,1777.8,1860.8,1908,1914.8,1918.9,1919.6,1915.9,1912.1,1908.3,1899.4,1894.7,1894.4,1899.8,1915.7,1934.6,1954.4,1974.9,1989.7,1993.1,2001.9,2037.3,2085.6,2135.9,2187.2,2229.8,2245.3,2247.1,2248.5,2255.9,2276.5,2306.5,2335.5,2362.9,2384.6,2393.8,2408.6,2455.6,2521.6,2588.8,2654.5,2705.2,2724.7,2725.9,2720,2687.2,2627.8,2562.5,2497.1,2437.3,2405.3,2399.5,2422.7,2480.7,2555,2630.5,2706.4,2759,2776.1,2777.4,2764.8,2717.2,2634.5,2549,2464.5,2392.7,2356.4,2350.2,2322.1,2276.1,2224.8,2173.2,2126.6,2105,2099.8,2099.8,2098.8,2091.4,2076.6,2061.6,2046.9,2032.9,2026,2010.4,1950.9,1858.6,1762.2,1665.6,1276.1,930.6
774.08,1064.7,1354.8,1409.8,1446.3,1450.7,1450.4,1450.3,1475.8,1545.8,1623.5,1699.8,1776.5,1827.7,1833.9,1841.7,1855.9,1869.1,1882.3,1896.1,1900.7,1899.9,1899.8,1899.6,1904.8,1912.6,1921,1930.3,1939.8,1942.4,1950.1,1996.9,2059.6,2120.4,2182.6,2237.2,2251.9,2250.1,2249.9,2253.2,2276.9,2310.4,2342.7,2375.2,2404.5,2413.8,2429.6,2484.7,2548.6,2611,2672.9,2718.7,2726.1,2725,2725.3,2707.6,2661.1,2608.8,2556.9,2504.9,2470.8,2464.5,2488.9,2547.2,2608.9,2670.8,2733.5,2771.5,2774.9,2775.5,2775.2,2738.8,2661.3,2581.4,2502.2,2423.6,2381.4,2375.9,2339.1,2282.6,2226.4,2170,2117.9,2099.7,2100,2100.2,2099.9,2085,2061,2037,2012.8,1989.1,1980.7,1965,1896.1,1808.9,1722.8,1636.1,1255.8,928.77
771.97,1062.8,1352.8,1407.7,1444.7,1450.8,1450.5,1450.7,1464.5,1518.1,1579.7,1639.9,1700.4,1747.2,1754,1762.1,1788.2,1817.4,1846.7,1876.4,1896.8,1900,1900.3,1897.4,1892.7,1890.3,1888.8,1887.8,1889.8,1892.3,1899.9,1946.6,2017.4,2088.6,2160.8,2225.5,2250.4,2250.6,2249.8,2256.1,2284.1,2321.5,2357.7,2394.5,2424.7,2433.8,2449.4,2500.6,2560.1,2618.6,2676.6,2718.6,2726,2725.3,2725.5,2717.6,2683.9,2644.6,2605.8,2566.8,2535.8,2530,2554.4,2601.6,2650.2,2698.9,2748.3,2773.2,2774.8,2775.4,2773.9,2740.4,2668.1,2593.1,2518.9,2446.8,2406.6,2401,2363.9,2303.1,2241.6,2180.3,2123.2,2100.1,2099.6,2100.5,2095.3,2071,2037.9,2005,1971.4,1943.7,1935.6,1919.4,1856.3,1778.4,1701.3,1623.6,1252.9,929.12
758.35,1046.8,1337.6,1392.8,1432.8,1450.4,1452.6,1456.6,1471,1507.3,1551.8,1595.2,1634.4,1663.7,1670.7,1680.6,1713.1,1758.8,1804.6,1850.8,1885.8,1899.5,1900.2,1894.4,1882,1869.5,1857.4,1846.1,1841.2,1841.5,1849.4,1889.7,1959.7,2041.2,2123.4,2198,2239.2,2249.8,2251.1,2266.3,2299.2,2341,2382.1,2420.8,2446.7,2455.5,2469.3,2506.8,2558.8,2613.9,2667.5,2707.2,2724.2,2727.1,2725.2,2718,2697.8,2671.5,2645.2,2620.5,2601.7,2596.2,2613.9,2642.8,2678.4,2715,2751.6,2771.1,2778.6,2778.9,2764.7,2725.5,2658.2,2587.5,2518.2,2462.5,2431.8,2425.2,2394.2,2337.6,2271.2,2205,2142.9,2109,2099.8,2099.1,2084.6,2051.5,2009.3,1967,1926,1898.4,1889.8,1875.4,1830.4,1765.5,1696.9,1628.2,1264.9,931.94
738.6,1018.5,1304.6,1354.3,1397,1420.4,1426.3,1440.7,1467.4,1501.3,1537.1,1571.4,1591.2,1599.8,1600.9,1612.8,1646.8,1699.8,1754.2,1808.8,1850.9,1872.1,1874.9,1871.2,1859.2,1844.7,1829.4,1813.5,1802.9,1799.8,1802.6,1831.7,1894.3,1979.2,2064.3,2146.1,2201.3,2222.4,2232.5,2263.2,2309.2,2359.8,2410.9,2450.4,2470.2,2474.3,2479.6,2502.6,2539.1,2577,2613.7,2644.6,2657.9,2659.1,2666.3,2670.4,2669.8,2668.3,2665.4,2655.1,2649.4,2648,2652.1,2665.5,2675.2,2680.8,2687.7,2689.9,2682.1,2679.6,2672.2,2640.9,2595.8,2550.6,2503.5,2465.5,2450.6,2448.3,2426.7,2379.6,2310.3,2240.1,2171.6,2123.2,2101,2094.2,2069,2026.5,1976.6,1926,1882.3,1857.8,1850.9,1846.9,1822.8,1774.4,1714.8,1655.5,1289.3,943.42
721.17,992.31,1270.1,1311.5,1352.2,1378.2,1383.9,1405.5,1447.1,1490.4,1534,1577,1597.5,1599.4,1599,1601.1,1624.4,1671.2,1718.5,1766.3,1811.4,1836.3,1838.7,1837.8,1830.4,1823.1,1815,1805.8,1799.5,1799.4,1797.9,1809.5,1860.7,1939,2016.6,2095.4,2161,2186,2198.4,2245,2303.3,2361.2,2420.1,2464.4,2475.6,2475,2475.4,2487.4,2506.2,2524.2,2540.9,2557,2561.4,2559.8,2573.4,2594.9,2612.9,2631.6,2649.5,2652.9,2649.9,2650.3,2651.9,2654.6,2635.8,2611.8,2588.9,2564.2,2537.5,2534.1,2538,2525.3,2508.1,2492.3,2474.4,2454.4,2449.9,2450.8,2442.5,2402.5,2332.6,2262.6,2191.9,2129.9,2100.6,2093.3,2058,2008.9,1958.7,1908,1865.1,1850.5,1849.7,1850.8,1839.7,1796.7,1739.3,1683.6,1312.6,953.77
711.94,975.19,1245,1278.5,1312.5,1338.3,1343.3,1365.5,1416.1,1467.8,1519.5,1571.2,1599.3,1600.3,1599.7,1598,1614,1654.2,1694.6,1735.1,1776.9,1802,1803.6,1803,1802.1,1802,1800.9,1799.1,1799.3,1800,1799.4,1802.6,1845.8,1917.2,1987.4,2058.2,2125.1,2151.1,2162.1,2214.8,2281,2345.9,2411.6,2464.4,2476.4,2475.1,2475,2474.3,2473.4,2472.5,2470.1,2467.6,2465.8,2464.8,2477.9,2512.6,2549.9,2587.5,2624.3,2647.2,2649.8,2650.5,2652,2633.2,2586.1,2534.4,2482.8,2430.3,2397.2,2393.8,2400,2410.1,2421.3,2433.2,2443.8,2449.3,2450.4,2450.8,2448.8,2410.4,2340.5,2270.1,2199.4,2131.5,2100.6,2093.1,2054.2,2003.3,1953.3,1902.6,1860,1849.2,1850,1851.4,1846.3,1806.3,1751.8,1699.1,1327.7,962.77
711.14,966.08,1227.8,1253.3,1278.2,1298,1303.2,1323.7,1373,1433,1492.9,1552.9,1590.7,1601.1,1600.3,1600.8,1613.4,1646.6,1679.8,1713.2,1745.5,1766.9,1768.4,1769.4,1775.2,1782.4,1788.5,1793.9,1799.6,1800.7,1800.4,1809.5,1847.6,1911.5,1974.6,2037.8,2091.6,2115.6,2127,2174.4,2245.1,2317.7,2390.9,2451.1,2475.9,2477.7,2476.6,2463.9,2443.2,2422.7,2400.7,2379.5,2370.1,2369.5,2382.4,2423.4,2480.2,2537.5,2593.9,2636.6,2652.5,2653.7,2646.1,2600.6,2525,2444.8,2364.2,2292.2,2257.3,2253.2,2262.5,2294.6,2334.9,2375.2,2414.1,2444.5,2451.6,2451,2441.3,2401.3,2331.8,2261.5,2190.7,2130.1,2101,2092.8,2058.9,2010.5,1960.3,1909.6,1867.4,1851.7,1850.3,1850.7,1840.5,1803.7,1752.2,1702.3,1332,972.09
714.37,963.64,1216.6,1234.7,1249.6,1258.4,1260.7,1278.1,1321.3,1385.3,1453,1520.5,1569.3,1593,1596.3,1602.9,1620.1,1647.4,1674.9,1701.8,1722,1732.4,1733.5,1737.9,1748,1760.9,1773.3,1785,1793.2,1795.5,1799.4,1821.2,1863.6,1921.1,1978.7,2032,2067.3,2081.4,2090.8,2128.4,2195.4,2272.1,2348.5,2414.4,2452.6,2461.9,2458.3,2439.5,2406,2368.9,2330.7,2295.7,2276.8,2272.8,2287.1,2331.1,2399.5,2472.3,2544.4,2601.6,2629.8,2634.4,2610.7,2544.8,2445.3,2339.9,2234.4,2153,2113.7,2109.8,2130.6,2178.8,2247.1,2316.7,2384,2432.4,2453.1,2451,2426.4,2377.4,2307.5,2236.4,2168.3,2121.8,2100.9,2094.2,2070.1,2029.8,1979.3,1928.3,1884,1857.8,1847.7,1843.4,1823.7,1786.6,1739.5,1693.6,1328.5,978.52
707.52,957.27,1207,1232.1,1245.7,1248.3,1247,1254.2,1286.2,1344.8,1408.6,1473,1529,1560,1565.6,1581.3,1610.3,1643.4,1675.6,1706.5,1722,1724.9,1723.8,1726.9,1735,1743.3,1751.2,1759.2,1764.1,1763,1771.3,1811.3,1869.4,1931.7,1994.7,2048.3,2070.2,2073.8,2074.4,2097.2,2147.9,2205.4,2262.2,2317.7,2351.6,2358.3,2361.8,2355.2,2334.9,2312.6,2289.8,2263.4,2248,2245.7,2251.1,2283.7,2336.1,2390.5,2445.3,2494.2,2515.8,2518.3,2494.6,2428.8,2339.9,2250.2,2160,2093.9,2070.2,2069.2,2082.3,2125,2202.8,2283.1,2362.5,2428.6,2466.2,2462.4,2420.7,2355.6,2282.1,2207.9,2139.9,2107.4,2099.7,2099,2086.1,2051.6,1997.3,1943,1889.9,1848.6,1829,1822.6,1796.5,1757.3,1715.7,1674.9,1315.6,975.9
691.44,942.21,1192.1,1228,1250.1,1250.7,1249.4,1249.1,1269.6,1322.6,1379.9,1437.1,1494.2,1530.1,1534.6,1555.6,1594.7,1633.6,1672.2,1709.7,1726.4,1725.7,1725,1725.6,1727.9,1728.5,1729.2,1730.2,1730.3,1727.8,1736.4,1788.2,1858.6,1927.9,1998.2,2058.9,2076.4,2075.3,2073.3,2079.5,2109,2145,2180,2217,2246.2,2252.5,2257.2,2261.3,2260.8,2260.5,2259.6,2254,2249.7,2250,2249.1,2261.5,2288.7,2318.2,2347.5,2377.7,2394.7,2397.2,2372.4,2312.6,2248.1,2183.7,2119,2079.2,2074.8,2074.6,2075.7,2112.2,2192.6,2274.7,2356,2435.7,2481.3,2477.5,2426.4,2350.7,2274.8,2197.7,2126.1,2100.1,2099.9,2100,2095.4,2058.8,2000.4,1942.1,1883.7,1830,1808.6,1801.9,1771.5,1734.3,1697.7,1660.7,1305.9,974.61
664.95,916.67,1166.8,1212.6,1245.5,1251.9,1250,1249.6,1265.9,1312.8,1364,1414.9,1465.9,1500,1504.8,1525.3,1567.7,1612.4,1657,1700.2,1723.5,1725.5,1725.6,1724.4,1719.3,1712.9,1706.6,1699.9,1694.9,1692.8,1701.7,1753.2,1829.9,1906.4,1983.6,2051.1,2075.8,2075.4,2074.9,2070.4,2078,2092.8,2107,2121.3,2140.1,2147.4,2151.1,2163.5,2184.9,2205.7,2225.8,2242.3,2250.8,2250.3,2249.3,2242.9,2245.7,2251.2,2256.4,2262.4,2274.3,2276.9,2251.6,2209.3,2169.1,2128.7,2088.3,2073,2075.2,2074.6,2077.2,2116.9,2200.2,2285.2,2369.5,2450.7,2496,2492.1,2442.2,2364.7,2285.5,2205.5,2131.2,2101,2099.7,2100.9,2093.3,2052.3,1989.5,1927.1,1864,1809.3,1788.3,1781.7,1753.4,1720.5,1687.9,1654.9,1304.2,974.92
631.88,881.23,1132.2,1188.4,1232.3,1251.1,1251.7,1254.9,1274.7,1315.1,1359.9,1404.6,1444.9,1469.1,1474.3,1492.2,1532.1,1583.3,1634.7,1684.4,1716.9,1728.5,1728.8,1723.3,1711.1,1697,1682.6,1668.2,1659.7,1657,1666,1709,1783.2,1868,1953.2,2028.6,2069.8,2079.7,2077.5,2067.6,2055.5,2047.9,2039.8,2033.2,2035.2,2039.7,2044.9,2066.1,2106.2,2149.5,2191.8,2228.9,2250.5,2253.5,2248.8,2229.9,2208.4,2188.7,2168.7,2153,2152.3,2153.7,2137.7,2120.3,2104.7,2088.7,2073.2,2073.2,2074.9,2075,2091.6,2141.9,2227.2,2314.9,2401.7,2472.1,2509.9,2506.7,2466.1,2395.3,2312.3,2228.8,2151.5,2108.9,2097.7,2097.5,2077.9,2031,1964.8,1898.4,1833.3,1786.9,1768,1761.8,1741.3,1714.5,1686.6,1658.5,1311.3,978.22
598.15,839.79,1088.6,1150.8,1203.2,1232,1237.7,1249.7,1280.9,1322.7,1365.3,1407.6,1436.3,1447.2,1448.2,1460.9,1494.3,1542.7,1592.2,1641.1,1677.5,1694.4,1696.6,1693.2,1683.6,1670.3,1656,1641.6,1631.6,1627.3,1631.9,1662.7,1725.7,1807,1888.6,1965.1,2015.4,2033.2,2033.4,2028.5,2015.1,1998.6,1982.2,1965.1,1953.6,1950.5,1958.4,1985.7,2033.3,2088.2,2142.5,2189,2216,2222.7,2216.4,2195.8,2163.9,2129.9,2096.1,2068,2054.9,2053,2053.2,2056.2,2060.9,2066.2,2071.6,2076.8,2079.2,2083.2,2117.2,2183.8,2272.3,2361.2,2446.1,2500.7,2523.3,2521.6,2496,2438.6,2358.7,2277.5,2199.1,2144,2122.4,2113,2073.3,2009.8,1935.3,1860.1,1795.1,1760.8,1750.6,1749.1,1739.1,1717.3,1685.7,1653.7,1305.4,965.37
575.74,810.63,1053.2,1109.5,1164.7,1200.2,1205.5,1224.5,1270.1,1320.1,1369.1,1418.7,1447,1450.3,1449,1452.5,1474.4,1509.6,1545.1,1580.8,1612.7,1627.4,1629.4,1633.1,1633.3,1632.6,1631.3,1629.3,1625.3,1624.7,1625.1,1638.3,1683.7,1747,1809.8,1872.6,1922.1,1939.1,1941.5,1949.1,1951.5,1953.5,1956,1955.2,1949.6,1949.2,1949.9,1964.9,2000.5,2043.2,2085.4,2126.7,2153.8,2159.8,2155.7,2140,2117.8,2095.7,2073.9,2055.3,2049,2049.2,2049.2,2052.9,2060.4,2068.6,2076.8,2084.9,2088.9,2092.4,2137.5,2219.1,2306.9,2394.3,2478.3,2520,2525.3,2525.3,2516.6,2472.3,2401,2329.5,2257.3,2194.7,2169.3,2157.3,2095.9,2012.7,1928.7,1843.4,1771.8,1749.6,1749.3,1750.3,1746.2,1715.9,1669.1,1622.8,1272.2,926.41
565.51,794.62,1031.1,1081.1,1132.1,1170.3,1175.1,1195.2,1249.1,1304.7,1359.9,1415.9,1449.4,1450.7,1450.1,1448.6,1457.6,1479.6,1501.9,1524.3,1548,1562.5,1564.5,1569.9,1582.5,1595.3,1606.9,1617.8,1624.9,1625.1,1625,1626.5,1653.1,1698.3,1743.1,1787.9,1831.2,1848.9,1851.3,1866.3,1886.6,1906.7,1927.4,1944.8,1950,1949.9,1949.6,1954,1977.4,2008,2037.9,2068.1,2093.6,2099.7,2095.5,2086,2076.3,2066.3,2056.8,2050.5,2050,2050.1,2050,2055.1,2064.5,2074.7,2084.5,2094.6,2099,2101.9,2150.5,2237.1,2322.4,2407.9,2490.5,2526.9,2525.3,2525.4,2524.5,2489.1,2426.6,2364,2301.2,2239.7,2214.3,2203,2133.3,2038.6,1945.8,1851.6,1770.4,1747.8,1749.7,1751.8,1744.3,1698.9,1638.1,1577.9,1226.1,883.59
567.38,789.54,1019.9,1063.7,1107.1,1139.1,1145.1,1164.2,1215.2,1276.4,1337.9,1399.9,1440.7,1451,1451.1,1448.9,1447.7,1456.2,1465.3,1474.4,1485.5,1496.9,1498.8,1505.8,1528.3,1554.6,1579.4,1604.1,1623,1626.3,1625.5,1624.5,1633.7,1660.4,1687.2,1714.1,1741.8,1758.7,1761,1779.9,1816.3,1854.5,1893.3,1929.3,1948.6,1950.2,1950.5,1950.5,1961.3,1979.6,1997.6,2015.2,2032.9,2039.4,2035.5,2034.5,2037.2,2039.4,2042,2047.6,2050.8,2050.4,2051.8,2059.5,2070.8,2082.9,2094.7,2105.2,2108.9,2112.3,2156.6,2234.3,2318.4,2402.2,2482.8,2521.8,2527.5,2527.2,2521.9,2492.9,2439.4,2385.4,2331.3,2283,2259.6,2246.8,2183.8,2086.2,1984.5,1881.6,1792.7,1754.5,1750.7,1750.8,1728.3,1668.3,1593.3,1518.7,1168.8,841.11
577.13,795.21,1018.7,1057.6,1090,1109.5,1113.5,1129.2,1172.2,1234.9,1300,1365.3,1413.4,1435,1438,1436.9,1433.6,1431.6,1430,1427.5,1426.6,1428.9,1430.5,1441.6,1469.7,1507.3,1545,1582.6,1610.3,1620.5,1621,1621.4,1622.7,1630.9,1639.9,1649.1,1657.5,1664.3,1668.4,1692.1,1738.8,1795.3,1852.2,1904.8,1937.3,1945.9,1946.4,1947.1,1949.5,1955.6,1962.6,1967.9,1973.3,1976.2,1976.6,1984.6,1999,2013.9,2029.2,2043.6,2050.3,2050.6,2054.3,2064.4,2077.7,2091.7,2105.8,2115.9,2119.1,2122,2152.4,2212.9,2291.1,2370.6,2447.4,2495.8,2514.4,2515.3,2504.3,2477,2435.7,2393.4,2351.2,2320.3,2306.6,2295.1,2244.9,2154,2041.3,1927.6,1826.1,1764,1743.4,1735.6,1695.1,1620.8,1532.6,1444.2,1103.7,795.78
576.74,796.63,1016.2,1061.6,1089.8,1098.7,1097.5,1104.5,1136.2,1186.9,1240.2,1294.1,1340.1,1361.1,1365.2,1375.7,1385.6,1393.1,1400.1,1405.1,1400.9,1398.1,1397.7,1406.6,1431.7,1466.6,1502.4,1538.4,1566,1576.9,1580,1589.6,1598.7,1607.1,1615.9,1622.6,1621.9,1620.9,1622.3,1641.2,1686.8,1746.9,1807.5,1866.3,1907.4,1920.7,1923.8,1929.7,1935.1,1940.3,1946.8,1948.7,1947.8,1947,1949,1958.7,1975.6,1993.3,2011.3,2026.9,2034.8,2035.6,2043.8,2059.7,2077.6,2095.8,2113.7,2123.4,2124.8,2123.7,2136.7,2179.4,2239.4,2301.4,2364.5,2413.2,2432,2435.1,2431.9,2413.4,2391.6,2370.4,2347.6,2329.7,2326.9,2324.6,2295.1,2213.1,2088.5,1964.1,1842.9,1748.6,1708.4,1695.1,1640.9,1558,1469.9,1381.2,1053.7,766.54
565.83,786.44,1006.3,1061.9,1097.1,1100.5,1099.7,1099.6,1115.5,1150.8,1188.7,1226.5,1264.2,1285.7,1289.2,1305,1328.5,1351.1,1373.7,1395,1401.2,1400.2,1399.9,1401.7,1417.5,1442.9,1469.3,1496.2,1521.2,1531.8,1535.3,1551.1,1569.7,1587.9,1606.4,1622.5,1625.4,1625,1624.1,1630.8,1670,1724.7,1779.1,1834.5,1882,1895.7,1899.1,1909.6,1920.4,1931.2,1943.2,1950.2,1950.2,1949.9,1949.6,1954.2,1967.6,1981.7,1995.9,2010.2,2019.7,2020.2,2029.8,2050.7,2071.8,2092.8,2113.9,2125.1,2125.2,2124.5,2126.8,2152.4,2195.4,2239.8,2285.1,2327.6,2346.6,2350,2351.6,2345.7,2340.8,2336.2,2329.7,2323.8,2324.8,2325.7,2316.4,2233.2,2100.8,1970.3,1839,1717.9,1672.3,1658.9,1594.5,1513.5,1433.9,1352.6,1033.4,763.41
541.76,762.22,982.27,1047,1091.8,1100.5,1100.1,1099.2,1102.2,1122.3,1145.2,1167.7,1191.1,1210.4,1214.2,1231.1,1266.3,1304.6,1342.3,1378.4,1398.6,1400.8,1399.8,1399.7,1405.9,1422.3,1439.6,1457.6,1475.5,1486.8,1490.1,1507.3,1534.3,1561.7,1589.1,1614.5,1624.9,1625.2,1623.8,1628.1,1662.7,1712.5,1761.9,1812.5,1857.5,1870.8,1873.7,1886.4,1902.4,1918.1,1935.2,1947.6,1950.4,1950.1,1949.7,1951.4,1961.6,1972.7,1983.8,1995.2,2004.5,2005.1,2014.5,2036.9,2061.3,2085.2,2109.4,2123.9,2125.5,2125,2123.9,2133,2158.8,2186.1,2214,2242.9,2261.5,2264.9,2268.5,2279.1,2291.4,2303.7,2314.5,2323.6,2325,2326.3,2311.9,2221.2,2081.8,1944.3,1805.4,1682.3,1637.3,1623.6,1562.9,1489.1,1416.1,1341.8,1030,763.33
507.8,725.84,946.68,1020.9,1076.4,1100.2,1102.7,1101.6,1098.4,1103.1,1110.3,1117.2,1124.8,1134.7,1138.3,1156.2,1197,1250.5,1304,1355.9,1390.7,1403.1,1402.5,1401.8,1402,1408.2,1415.9,1424.2,1432.8,1440.6,1444.7,1461,1492.8,1530.2,1567.2,1601.9,1622.9,1627.9,1627.7,1638.3,1669.6,1713.7,1757.6,1801.3,1834.2,1845.5,1848.4,1861.3,1881.5,1902.9,1924.9,1942.4,1950.3,1950.9,1950.5,1951.8,1958.4,1966.4,1974.3,1982.2,1988.8,1989.9,1997.5,2018,2045.9,2073.5,2101.1,2120.8,2127.8,2127.3,2124.8,2123.5,2131.1,2140.6,2150.8,2163,2174.2,2177.9,2186,2209.3,2240.7,2271.9,2301.7,2325,2333.1,2330.1,2287,2181.9,2034.2,1887.4,1744.1,1641.1,1601.6,1589.5,1545.8,1483.5,1417.5,1350.8,1044.1,767.58
469.87,676.87,891.81,967.32,1029.9,1064,1071.6,1075.6,1077.9,1078.9,1080.1,1080.7,1077,1075.7,1076.3,1093.6,1133.7,1192.9,1253.9,1314.2,1357.5,1377.8,1379.9,1384.2,1388.2,1392.4,1397,1400.8,1400.7,1401.3,1404.2,1419.7,1450.7,1491.3,1531.8,1569.7,1594.9,1603.8,1611.2,1635.4,1674.9,1719.2,1764,1800.7,1820.5,1824.8,1827.4,1839.4,1859.4,1882.1,1904,1922.7,1932.1,1933.5,1936.4,1942,1950.2,1958.8,1967.2,1971.7,1974.4,1974.7,1980.1,1997.4,2022.1,2046.3,2070.4,2089.2,2095.1,2095,2098.4,2100.8,2101.4,2103.7,2105,2103.2,2102.3,2104.8,2118.5,2147.6,2176.9,2205.3,2232.2,2247.1,2247.4,2237.4,2180.1,2069.6,1933.9,1798.7,1673.6,1596.9,1573.9,1569.6,1544.7,1495.4,1431.3,1367.1,1058,768.07
443.26,637.26,839.6,901.91,961.95,999.76,1007,1017.1,1031.4,1045.1,1059,1072.6,1075.1,1074.5,1074.1,1079.7,1107.8,1156.9,1207.6,1258.6,1303.6,1325.5,1328.5,1341.2,1356.3,1370.8,1385.8,1398.8,1400.3,1399.9,1400.2,1406.2,1427.8,1458.5,1488.8,1518.9,1543.4,1551.3,1562.4,1605.2,1660.2,1715,1770.6,1813.9,1825.6,1825.1,1824.7,1831.5,1845.7,1861.9,1877.3,1892.7,1901.2,1901.9,1908,1921,1935.7,1950.5,1965.7,1973.3,1974.8,1974.9,1976.3,1986.1,1997.9,2008.7,2019.3,2028.8,2028.5,2028.2,2041.5,2057.3,2071.4,2086.7,2100.1,2100.9,2099.6,2099.9,2106.9,2117.5,2111.6,2104.9,2098.3,2085,2069,2060.7,2007.7,1912.4,1812.8,1713.3,1622.7,1577.2,1574,1575.1,1563,1513.1,1442.4,1372.6,1057.6,754.66
428.99,611.2,801.53,850.94,901.18,940.02,946.92,958.24,983.01,1008.6,1034.6,1060.5,1073.8,1074.8,1074.8,1074.8,1091.6,1130.6,1171.2,1211.9,1252.4,1275.5,1278,1293.7,1319.2,1343.8,1368.9,1392.3,1401,1400.1,1399.9,1399.2,1410.4,1430.9,1451.4,1471.9,1493,1501.3,1511.2,1563.4,1629.5,1694.1,1759.8,1814.3,1826.6,1825,1824.5,1826.6,1834.8,1845,1854.3,1864.1,1871.2,1871.8,1878.2,1897,1917.6,1938.4,1959.6,1973,1974.8,1975.3,1975.8,1975.3,1974.2,1972,1969.4,1966.6,1963.6,1962.9,1979,2007.2,2034.5,2063,2089.8,2101,2100.2,2100.4,2101.1,2080.9,2040.6,2000,1959.2,1918,1898.8,1890.5,1840.7,1774.5,1710.1,1644.5,1588.1,1573.5,1575.1,1576.5,1568.3,1512.1,1435.4,1359.7,1043.1,736.33
426.21,596.41,774.68,812.67,849.61,879.92,886.98,897.87,927.69,965.77,1003.8,1041.6,1067.5,1075.5,1074.8,1075.2,1084.6,1112.8,1143.4,1174.3,1204.4,1224.8,1228.2,1243.5,1275.9,1311.3,1346.7,1380.1,1399.2,1401.5,1400.8,1397.7,1399.4,1409.7,1420.1,1430.3,1443.5,1451.1,1461.3,1511.3,1585.3,1659.8,1735.5,1800,1824.6,1825.3,1824.8,1823.9,1825.8,1830,1833.2,1836.9,1841,1841.9,1847.9,1868.4,1894.9,1921.9,1949.1,1969.1,1975.4,1976.5,1975.1,1963.3,1948.7,1933.4,1917.2,1903.1,1898.2,1897.8,1914.6,1950.6,1992.1,2033.8,2073.9,2097.5,2102,2102.4,2088.1,2033.2,1958.6,1883.8,1807.7,1747.4,1728.7,1719.2,1683.8,1652.1,1621.8,1590.2,1569.2,1574.3,1575.6,1575.8,1556.3,1494.1,1411.7,1329.7,1014.3,718.75
432.42,592.67,758.17,784.5,805.49,819.9,824.34,836.03,866.44,914.08,964.7,1014.9,1052.6,1072.2,1074.9,1077.7,1087,1105.4,1125.5,1145.5,1162.4,1172.5,1175.6,1191.1,1224.9,1269.8,1315.8,1359,1388.3,1399.1,1399.4,1397,1393.4,1393.4,1393.7,1393.5,1395.4,1398.3,1407.9,1450.2,1523.3,1608.8,1694.7,1770.2,1812.7,1824.6,1823.5,1822,1819.2,1817.1,1814.4,1812.3,1811.1,1811.1,1817.3,1836.2,1865.7,1898.2,1930.6,1956.1,1969.3,1972.5,1966,1946.2,1919.1,1890.9,1862.3,1840.4,1831,1830.6,1849.2,1887.6,1940.5,1995,2047.4,2081.9,2097.4,2094.6,2056.6,1972.7,1863.3,1753,1646.8,1575.3,1550.5,1545.7,1539.4,1540.4,1545.1,1549.4,1559.2,1570.3,1574.8,1566.2,1527.6,1455.7,1367.7,1279.4,973.13,696.93
434.12,593.4,752.8,777.84,792.02,796.12,795.47,802.2,826.55,871.42,920.45,969.47,1011,1034.9,1039.2,1050.4,1070.3,1092.3,1114.3,1135.7,1145.9,1147.8,1148.3,1158.7,1187.7,1229.2,1271.7,1312.1,1342.8,1354.6,1357.2,1362.4,1366.8,1370.8,1374.9,1376,1373.4,1372.5,1374.5,1403.3,1468.8,1555,1640.7,1723.8,1780.2,1800.4,1800.8,1804.2,1805,1804.7,1804.2,1802.9,1799.4,1798.4,1801.5,1815.3,1833.2,1851.7,1870.4,1886.1,1890.6,1891.7,1892.3,1881.8,1864,1845.4,1826.3,1807.1,1798.7,1797.8,1811.1,1843.2,1883.6,1924.4,1965.3,1992.7,2002.6,1998.2,1953.7,1863.7,1755.8,1647.7,1545.5,1483.3,1466.3,1468.4,1475.8,1488.3,1501.8,1515.2,1527.4,1533.6,1536,1521.8,1471.9,1394.4,1311.7,1228.1,935.32,678.44
430.24,590.18,750.21,780.88,798.84,800.03,800.1,800.51,813.73,849.96,889.88,929.31,968.31,994.36,997.8,1013.8,1043.8,1074.5,1105.2,1135.5,1149.6,1150.2,1149.6,1151.7,1169.7,1200.3,1232,1263,1291.5,1303.7,1306.4,1318.3,1333.1,1347.4,1362.2,1373.9,1375.3,1375,1372.7,1384,1441.6,1521.5,1600.5,1681.8,1749.4,1770.8,1771.3,1779,1785.6,1791.6,1797.6,1802.1,1800.4,1800.1,1800,1803.6,1803,1802.6,1802,1801.8,1797.9,1798,1802.4,1805,1805.5,1805.9,1806.3,1802.3,1800.2,1799.6,1803.3,1817.5,1834.7,1852.5,1871.1,1885.3,1890.4,1886.9,1839.4,1757.1,1673.7,1589.4,1510.7,1475.3,1474.5,1475.1,1476.8,1479.3,1481.8,1484.5,1487.1,1488.5,1490.7,1476.6,1418.4,1344.5,1271.3,1196.7,913.28,673.77
417.34,577.37,737.4,773.08,796.2,800.07,800.13,799.39,805.52,834.43,866.36,897.73,929.87,955.01,958.24,974.62,1010.9,1049.9,1088.6,1126.4,1148.1,1150.3,1150.1,1149.3,1156.9,1177.5,1199.2,1219.6,1241,1253.7,1256.1,1269.7,1294.1,1318.5,1343.3,1365.2,1374.9,1374.9,1373.1,1380.6,1431.9,1506,1578.9,1653.7,1719.1,1740.8,1741.1,1750.8,1763.1,1775.2,1787.2,1797.9,1800.3,1800.3,1800,1789.4,1770.7,1752.3,1733.7,1715.6,1707.9,1708,1711.3,1725.5,1743.8,1762.2,1780.6,1795.8,1799.9,1800,1799.7,1792.4,1787.4,1783.3,1779.2,1775.5,1780.1,1776.5,1729.8,1667,1605.9,1543.7,1487.3,1473.2,1474.9,1474.8,1471.5,1464.6,1458.1,1451.9,1445.8,1443.1,1445.6,1431.3,1375.8,1311.1,1247,1181.4,907.22,673.98
329.42,457.18,585.24,616.22,635.82,639.84,640,639.77,641.75,659.26,680.1,700.57,721.14,739.37,743.08,758.65,792.31,828.23,864,898.79,918.37,920.31,920.1,919.55,920.24,930.03,941.37,951.74,962.85,972.26,975.36,989.89,1015.4,1040.8,1066.7,1089.8,1099.9,1099.9,1098.6,1104.5,1139.4,1195.4,1250.3,1306.5,1355.5,1375.5,1376.2,1386.8,1400.1,1413.2,1426.4,1437.7,1440.2,1440.1,1440.2,1427.3,1401.7,1376.1,1350.5,1324.9,1312.3,1311.8,1317.2,1338.9,1364.3,1389.8,1415.8,1436,1439.8,1440.1,1439.9,1425.5,1407.4,1391.1,1374.7,1358.8,1358.2,1354.4,1322.1,1285.8,1250,1212.9,1182.9,1179.5,1179.8,1179.8,1176.5,1166.4,1155.7,1145.5,1135.3,1128.6,1130,1116.4,1075.8,1029.7,983.67,936.29,724.58,539.47
238.67,334.64,430.69,456.92,475.89,480.04,479.99,479.85,482.56,491.95,501.65,511.27,520.93,527.65,528.05,541.2,571.57,604.34,636.89,669.1,688.25,690.32,690.06,690.07,689.81,690.62,691.99,692.83,693.77,694.57,696.73,711.62,737.79,763.81,790.26,814.25,824.97,824.9,823.56,830.11,858.3,895.86,933.08,971.63,1002.3,1011.1,1012.7,1023.8,1037.7,1051.6,1065.6,1077.5,1080.2,1080.2,1080.3,1068,1038.5,1006.5,974.76,942.92,923.38,920.82,931.4,959.77,991.37,1023.1,1055.1,1076.5,1079.8,1080.1,1079.5,1064.3,1036.3,1008.7,981.18,954.5,942.76,942.17,934.12,922.75,911.02,898.92,888.59,885.35,884.88,884.77,881.7,870.94,856.65,842.65,828.68,818.01,815.88,810.9,788.72,760.39,732.09,702.98,545.24,404.51
