754.17,1014.5,1281.5,1295.7,1310,1325.4,1331,1352.5,1396.4,1439.4,1482.6,1525.6,1546.1,1545,1545,1544.8,1544.2,1573.2,1607.6,1640.9,1674.4,1708,1709.1,1705.7,1710.6,1716.2,1722.1,1731.1,1739.1,1739.9,1740.1,1738.8,1744.1,1775.9,1808.5,1840.9,1874.6,1900.8,1909.7,1950.2,1996.6,2042.1,2088.6,2126,2130.7,2130,2130.4,2130.7,2130.8,2134.3,2138.5,2142.3,2146.3,2149.4,2145.3,2141,2136.8,2132.5,2129.2,2129.8,2130,2130,2130.1,2129,2124.6,2121.3,2117.9,2114.4,2112.9,2110.7,2077.6,2035.2,1993.6,1951.3,1912.8,1904.3,1905,1905,1905,1905,1905,1905,1905,1905,1905.1,1904.6,1901.8,1898.7,1895.7,1892.7,1890.1,1890,1890,1890,1889.5,1897.9,1916.8,1935.5,1557.5,1180
1010.9,1374.7,1745,1778.2,1811.9,1840.9,1846.4,1867.6,1911.5,1954.7,1997.9,2040.7,2061.1,2060.1,2059.8,2058.2,2080.5,2153.3,2230.2,2306.1,2383.5,2436.6,2436.9,2417.8,2392.4,2368.5,2345.1,2324,2318.2,2319.9,2319.8,2319,2353.9,2424,2494,2564,2634.6,2668.6,2676.2,2707.4,2742,2776.2,2811.3,2837.6,2840.4,2839.9,2840.4,2842.6,2851.2,2863.8,2877.2,2890.1,2901.5,2905.4,2899.9,2886.2,2872.5,2859.1,2846.5,2839.4,2839.8,2839.9,2839.1,2840,2839.9,2840.6,2841.3,2842.7,2843.2,2841.5,2800.5,2738.8,2678.1,2616.7,2558.6,2538.9,2539.9,2540,2539.5,2538.7,2537.7,2536.7,2535.6,2535.2,2535,2534.6,2531.8,2528.7,2525.7,2522.7,2520.1,2520,2520,2519.7,2521.2,2543.8,2578,2611.9,2108.2,1602.7
1277.4,1744.8,2218.2,2270.3,2323.1,2356.7,2361.5,2382.7,2426.5,2469.7,2512.9,2555.7,2576.1,2575.1,2573.7,2579.6,2642.3,2757.1,2875.9,2994.9,3106.8,3161.5,3162.3,3140.8,3089.5,3036.1,2983.6,2933.1,2900.7,2899.3,2898.4,2912.7,2985.5,3092.6,3199.5,3307.9,3400.4,3433.6,3441.3,3469,3492.6,3515.8,3539.8,3555.1,3550.4,3549.8,3550.6,3559,3577,3598.7,3621.1,3642.7,3656.8,3660.4,3655.2,3636.3,3613.3,3590.9,3569.3,3552.9,3549.4,3549.7,3549.2,3554.2,3557.9,3562.5,3567.6,3572.6,3573,3571.7,3530.3,3453,3372.9,3292.5,3215.2,3176.9,3174.5,3175.1,3173.9,3172,3170,3168,3165.9,3165.1,3165.1,3164.5,3161.8,3158.7,3155.7,3152.7,3150.1,3150.1,3150.1,3149,3159.4,3197.7,3246.7,3295.7,2666.7,2026.3
1305.5,1795.1,2290.9,2365.7,2432.5,2468.5,2474.3,2489,2510.1,2529.7,2548.9,2567,2569.9,2567.6,2566.1,2602.8,2713.1,2877.8,3047.1,3216.3,3347.8,3405.6,3407.4,3375.8,3294,3189.6,3085.7,2983.3,2909.8,2887,2891,2940.9,3056.9,3208.1,3360,3507.3,3608.1,3642.6,3648.6,3650.8,3636,3616.7,3598.3,3573.1,3551.8,3547.9,3552.3,3570.3,3600.4,3634.6,3669.3,3700.3,3717.5,3722.2,3716.4,3694.1,3660.1,3624.6,3589.5,3560.7,3547.8,3545.9,3548.2,3559.2,3572,3585.5,3599.5,3610.9,3614.1,3612.2,3575.8,3504.5,3416,3326.9,3240.7,3188.4,3171,3171.1,3170,3167.9,3164.8,3161.7,3158.2,3155.9,3154.8,3154.5,3153.7,3152.7,3151.6,3150.5,3149.6,3149.8,3148.9,3152.1,3178,3230.8,3294,3358.1,2725.1,2069.3
1342.2,1851.3,2366.5,2458.5,2528.9,2564.8,2570.1,2570.4,2570.7,2582,2600,2616.4,2631.6,2647.7,2656.8,2716.8,2853.1,3043,3237.5,3427.5,3559.9,3617,3616.8,3573.4,3479.6,3361.1,3242.1,3126.6,3050.4,3024.3,3032,3091.8,3218.2,3378.3,3539,3690.4,3789.8,3823.2,3818.9,3795.5,3753.8,3703.5,3653.1,3606.7,3580.1,3572.2,3579.6,3600.8,3636.6,3676.5,3716.5,3749.8,3769.1,3774,3767.2,3744.1,3708.8,3670.7,3632.7,3602,3587.5,3583.7,3582.5,3589.8,3601.6,3614.1,3627.8,3641.7,3647.5,3647.4,3622.4,3563.6,3480.6,3394.8,3310.2,3249.8,3223.7,3218.5,3206.1,3192.9,3178.3,3163,3151.3,3148.8,3147.2,3147.5,3148.1,3148.7,3150.8,3152.6,3154,3155.7,3155.3,3165.7,3206.4,3272,3345.8,3421.5,2779.6,2107.6
1373.7,1889.5,2404.9,2495.5,2558,2576.1,2575.5,2574.4,2578.6,2622.9,2677.3,2730.4,2784.4,2832.8,2844.6,2907,3044.9,3203.3,3361.1,3515.5,3609.2,3628.4,3628.1,3610.8,3556.7,3497.1,3436.3,3374.3,3330.6,3322.7,3326.1,3366.4,3460.7,3562.5,3664.5,3760.7,3821.1,3827.8,3826.7,3814,3781.4,3740.7,3700,3659.7,3631.9,3624.4,3631.1,3651.2,3681,3711.2,3741.1,3765,3775.3,3776,3774.7,3760.9,3740.8,3719.2,3697.6,3677.4,3669.9,3667.4,3658.6,3652.4,3648.8,3645,3642.3,3647.6,3650.1,3651,3642.5,3603.4,3541.7,3477.9,3413,3357.5,3333.6,3328,3296.7,3260.1,3224,3187,3154.3,3149.4,3150,3150,3149.8,3152,3157.1,3161.5,3165.9,3170.8,3171.1,3183.6,3237.1,3308,3378.5,3451.3,2803.7,2115.8
1390.6,1906.3,2421.3,2509,2568,2575.8,2575.2,2573.6,2601.2,2682.9,2773.2,2862.3,2953.3,3014.2,3024.8,3089.7,3210.4,3331,3452.4,3570.1,3624.8,3624.8,3624.7,3625.4,3626.9,3625.1,3621.7,3618.3,3614.1,3607.9,3611.9,3644,3687.8,3731.4,3776,3813.9,3825.2,3825,3825.1,3821.6,3799.8,3769.4,3739.2,3708.9,3682.3,3674.4,3681,3699,3719.5,3739.5,3759.3,3773.1,3775.3,3775.3,3774.8,3774.2,3770.9,3765.4,3759.8,3754.9,3750.4,3747.8,3738.7,3719.9,3699.9,3680,3661,3650.5,3649.6,3650.1,3649.8,3631.7,3591,3548.3,3505.2,3462.6,3438.8,3433.9,3396.5,3338.5,3281.3,3223.2,3168.8,3148.9,3149.9,3149.3,3149.3,3154.8,3163,3170.4,3178.5,3186.2,3186.2,3198.5,3257.7,3326.9,3394.2,3463.7,2813.2,2116.6
1388.2,1903.2,2418.1,2502.4,2558.6,2574.1,2572.8,2581.5,2646.4,2764.8,2891.4,3018.1,3134.7,3194.7,3205.9,3263.5,3347.1,3431.9,3517.1,3597.6,3623.5,3624.2,3622.3,3641.2,3697.6,3753.5,3807.5,3862.7,3897.5,3893.6,3898.5,3915.4,3905.9,3892,3879.9,3859.4,3829.1,3825.3,3826,3825.7,3813.6,3793,3772.6,3752.1,3732.3,3724.5,3730.8,3742.6,3752.7,3762.2,3771.5,3775.2,3773.3,3772.8,3773.8,3784.9,3798.7,3809.6,3820.8,3831,3831.1,3827.7,3818.6,3791.2,3754.3,3718.2,3682.9,3656.2,3647.7,3648.7,3649.9,3649.7,3630.7,3609.2,3587.3,3564.6,3544.2,3538.8,3502.8,3431.2,3352.1,3272.8,3197.1,3154.7,3148,3148,3150.6,3159.3,3170.7,3181.4,3192.9,3201.2,3201.1,3214.2,3265.4,3329.6,3393.3,3459.1,2804.9,2113.3
1368.6,1878.2,2395.8,2479,2543,2577.8,2584.3,2618.9,2718.7,2872,3034.1,3195.9,3321.5,3382,3393.4,3420,3458.8,3507.4,3557.6,3603.3,3625.4,3634.4,3636.6,3678.2,3770.5,3883,3995.2,4104.5,4173.2,4191,4190.8,4173.1,4118.3,4043.4,3969.6,3893.5,3837,3817.8,3819.6,3819.3,3814.7,3806.3,3797.7,3788.3,3780.1,3776.4,3778.7,3781,3781.9,3784.1,3786.8,3787.3,3787.9,3789.8,3793.1,3808.3,3833.3,3857.6,3881.9,3903.4,3912.7,3911.5,3899.4,3867,3817.5,3766.9,3717,3678.5,3661,3660.1,3660.7,3665.3,3665.4,3662.8,3660.8,3658.2,3652.8,3647.8,3612.4,3537,3438.6,3339.4,3244.4,3182,3159.4,3158.3,3161.4,3170.9,3183.3,3194.8,3208,3216.5,3217.3,3226.2,3261.2,3316.3,3381.9,3448.1,2794.9,2116.4
1339.6,1851.2,2382.4,2477.1,2566.1,2630.9,2648.3,2700.9,2826,2992,3159.8,3327.3,3440,3481.9,3482.9,3486,3500.9,3542.3,3588.2,3633.6,3675.5,3703.9,3711.3,3765.7,3871.3,3998.1,4125.8,4247.9,4318.6,4338.6,4334.8,4308.3,4237.2,4125.6,4014.7,3906.6,3822.4,3782.8,3787.3,3793.1,3796.5,3800.1,3803.9,3803.9,3801.8,3802.2,3801.3,3798.4,3807,3828.1,3848.4,3869.9,3893.3,3906.4,3897.6,3896,3905.3,3915.1,3923.7,3941.7,3953.1,3953.7,3945.1,3916.4,3873.9,3830.7,3787.4,3752.7,3739,3736.8,3725.3,3716.1,3709.4,3702.1,3697,3701.8,3705,3705.4,3681.6,3616.2,3519.1,3421.5,3324.3,3251.2,3220.1,3215.7,3209.2,3209.7,3211.4,3212.2,3217.9,3225.7,3225.9,3227.4,3245.3,3305.8,3402.3,3497.2,2850,2187
1323.2,1847.7,2392.2,2499.7,2609.3,2696.4,2713.1,2772.5,2915.3,3069.8,3222.5,3376.3,3467.4,3476.9,3475.1,3476,3496.9,3555.1,3617.5,3679.2,3740.5,3779.7,3786.3,3848.6,3956.3,4064.7,4174.6,4279.8,4325.1,4325.3,4325.8,4320.2,4251.5,4134.7,4019.3,3903.2,3793.5,3746.8,3752.5,3763.5,3773.9,3784.2,3794.6,3800.8,3800.2,3800,3799.4,3802.1,3834.4,3881.1,3926.2,3971.9,4014.4,4029,4016,3997.6,3983.4,3968.2,3951.2,3947.5,3950.9,3949.9,3948.8,3935.3,3909.3,3882.9,3856.5,3831.3,3819.2,3817.8,3800.4,3775.5,3751.9,3727.5,3704.9,3698.7,3700.1,3701,3696.5,3647.6,3563.1,3478.9,3394.1,3314.7,3280,3276,3263.4,3252.4,3241.4,3230,3223.5,3225.2,3225.1,3224,3234.2,3322.5,3451.7,3578.6,2934.6,2279.4
1330.9,1868.9,2426.4,2547.5,2670.4,2762,2777.6,2837.5,2972.4,3113.3,3253,3394.3,3472,3476.5,3474.4,3476.8,3511.9,3585.4,3662.7,3740.3,3815,3855.1,3861.7,3922.5,4016.4,4109.6,4204.3,4294.2,4326.1,4325.3,4326.4,4318.6,4242.7,4118.7,3996.1,3872.6,3758.2,3711.7,3717.4,3730.1,3747.2,3764.4,3781.8,3795.2,3799.8,3799.9,3799.2,3817.2,3874.3,3945.1,4014.3,4084.1,4135.3,4148.8,4136.9,4105,4065.5,4026.3,3985.6,3956.7,3949.6,3949.5,3949.4,3949.8,3940.1,3929.6,3919.7,3909.4,3899.5,3898.1,3880,3841.5,3801.5,3761.3,3722.4,3701,3699.9,3700.4,3699.3,3662.5,3590.2,3518.1,3446.1,3375.1,3340.2,3337.1,3322.2,3298.8,3275.8,3252.3,3232.8,3224.7,3224.9,3222.4,3250.2,3371.9,3533,3691.9,3049.4,2376.7
1366.3,1917.3,2488,2624.2,2749.2,2827.8,2845.1,2894.1,2995.1,3121.3,3248.3,3375.3,3450.9,3476.4,3475.8,3491.5,3544.7,3632.8,3725.1,3817.8,3893.7,3930.8,3938.7,3982.7,4052.4,4130.8,4210.4,4284.4,4318.2,4326.9,4324.4,4292.5,4204.3,4073.5,3943.4,3815.8,3718.1,3676.4,3681.3,3694.5,3716.6,3740.7,3765.1,3785.4,3796.6,3798.1,3804.5,3846.5,3928.2,4023.6,4117.9,4205.4,4257.2,4271.3,4258,4218,4155.6,4091.6,4026,3973.9,3950.4,3948.7,3950.5,3959.8,3967.2,3973.2,3979.6,3984.2,3981.6,3979.5,3961.2,3915.9,3859,3801.6,3745.3,3706.8,3695,3694.6,3685.3,3654.5,3596.2,3537.4,3479.2,3429.6,3402.2,3398.4,3381.2,3349,3312.5,3276,3243.2,3224.5,3219.4,3227.7,3299.2,3455.7,3650.1,3843.7,3191.6,2475.9
1429.5,1999,2580,2720.1,2830.5,2889.2,2898.6,2921.8,2987.2,3091.1,3203.8,3316,3403.1,3448.6,3459.8,3499.7,3577.6,3683.5,3792.8,3897.7,3965.2,3995.7,3999.5,4018.9,4063.2,4126.6,4191.3,4253.7,4298,4318.8,4306.1,4246,4138.1,4003.8,3869,3748.6,3674.6,3648.9,3652.8,3665.1,3688.1,3719,3750.9,3779.5,3798.8,3806.4,3829.3,3893.6,3996.6,4111.2,4224.7,4314.8,4362.9,4374.3,4358.6,4315.2,4242.1,4159.8,4076.6,4008.8,3970.9,3961.8,3965.4,3976.6,3993.2,4010.1,4027.9,4042.1,4048.3,4048.1,4030.4,3985.3,3924.7,3863.3,3802.7,3759.1,3743.5,3735.2,3704.8,3658.6,3600.3,3541.3,3490.6,3462.5,3450.8,3448.1,3430.1,3396.8,3361.5,3326.4,3294.3,3277.6,3273.9,3303.3,3410.1,3593.1,3803.6,4014.9,3330.7,2568.6
1496.5,2077,2657.3,2782.6,2872.6,2901.1,2899.5,2904.5,2948.1,3042.3,3146.4,3250.5,3348.4,3407.1,3419.1,3478.4,3585.2,3702.7,3820.3,3934.2,3990.8,4001.2,3999.8,4005.8,4039.4,4099.4,4160.1,4221,4275,4303.2,4288.3,4205.9,4080.5,3949.7,3817.7,3702.5,3653.8,3649,3650.1,3656.7,3679.7,3713.9,3749.1,3783.6,3812,3822.4,3851.4,3937,4047.8,4159.1,4270.9,4352.8,4377.5,4377.6,4374.4,4346.6,4278.5,4199.2,4120.3,4044.3,3994,3983.3,3987.5,3998.3,4011.3,4024.2,4038,4048,4050.3,4051.4,4045.7,4015.6,3974.3,3932.9,3890.3,3854.5,3843.8,3833.3,3777,3701.1,3622.4,3543.1,3474.9,3452.6,3450.1,3450.4,3441.2,3424.2,3412.4,3400.8,3389,3386.4,3388.7,3422.8,3552.6,3737.5,3924.7,4114.5,3402.2,2593.9
1546.8,2127.5,2707.6,2818,2891.3,2900.7,2899.8,2898.2,2927.7,3014.1,3110.3,3205.6,3302.3,3367.2,3378.1,3442.4,3566.7,3692.2,3817.8,3940.6,4000,4000.7,3999.6,3999.5,4027.9,4085.2,4143.2,4200.7,4257.9,4288.5,4275,4182.1,4052.5,3925.4,3796.4,3682.6,3647.5,3650,3650,3653.7,3678.9,3715.7,3753.6,3791.6,3825.7,3836.9,3866.2,3961.8,4071,4178.1,4286.7,4365.6,4377.1,4374.9,4376.6,4358.6,4294.2,4219.1,4145.1,4069.4,4013.5,4003.2,4007.6,4016.6,4025.6,4034.5,4044.3,4050,4050,4050.3,4050.4,4038.9,4016.8,3994.5,3971.6,3949,3939.1,3930.1,3863.5,3765.6,3668.4,3569.7,3480.8,3449.8,3450.3,3449.5,3448.8,3453.2,3463.6,3473.9,3484.8,3495.8,3498.7,3532.8,3672.1,3840.1,4004.7,4172.5,3437.9,2598.2
1574.6,2154.6,2734.5,2829.1,2888.2,2899.8,2899.2,2901.7,2930.7,3007.9,3096.1,3183.8,3268.5,3326,3338.7,3399.4,3518.8,3652.9,3786.4,3916.6,3987.7,4001.4,4000,4004.2,4031.7,4085.6,4140.6,4194.9,4244.9,4273.1,4259.1,4176.1,4056,3931.3,3805.3,3695.1,3653,3648.7,3649.6,3658.8,3687.4,3727.6,3768.7,3809.3,3841.2,3852.1,3881,3965.3,4070.3,4174.4,4279.9,4355.9,4375.5,4375,4373.6,4352.9,4293.6,4222.6,4152.3,4083.6,4034.5,4023.3,4027.8,4033.5,4038.4,4043.2,4048.6,4050.1,4049.2,4049.2,4051.6,4057.2,4054.7,4051.4,4047.9,4042.1,4034.3,4025.1,3962.3,3854.2,3736.8,3619,3510.7,3456.9,3448.5,3447.7,3458.4,3485.5,3517.8,3550.4,3584.5,3606.3,3608.6,3644.3,3761.5,3904,4047.1,4192.8,3435,2595.3
1580.3,2155.4,2736,2813.7,2868.7,2895.6,2899.7,2913.5,2954.6,3024.9,3104.6,3184,3248.5,3285.7,3297.4,3344.2,3443.6,3582.2,3724.1,3862.2,3955.5,3997.2,4001.5,4016.3,4048.6,4099.3,4151.2,4200.3,4236.3,4256.6,4246,4188.1,4089.5,3968.4,3846.3,3736.7,3673,3650.9,3655.2,3672.5,3705.8,3748.7,3792.8,3832.9,3859.4,3868.8,3890.7,3950.6,4043,4145.1,4247.5,4327.8,4369.2,4378.8,4366,4332.7,4274.9,4207.7,4140.6,4086.3,4053.3,4044.4,4046.9,4047.9,4048.7,4050,4051.6,4051.3,4051.5,4051.9,4057.4,4071.8,4088.5,4104.6,4120.7,4131.2,4134.2,4125.8,4070.6,3965.6,3829.2,3691.5,3563.1,3482.2,3450.5,3452.9,3476.3,3521.6,3576.6,3632.2,3685,3716.5,3724.1,3749.4,3821.2,3928.1,4049.2,4171,3400.2,2583.2
1563.1,2134.8,2718.1,2791,2859.1,2904.2,2914.5,2938,2991.7,3062.4,3134.5,3207.4,3255.6,3273.6,3273.3,3295.9,3370.8,3499.9,3636,3773,3885.9,3945.8,3956.4,3989.6,4040.5,4100.2,4160.5,4215.5,4241,4249.6,4249.2,4219,4145.7,4046.3,3946.6,3847.5,3778.4,3752.8,3752.7,3758.6,3779.4,3803.8,3828.3,3853.4,3872.3,3875.6,3881.3,3917.1,4007.7,4125.7,4242.1,4352.5,4432.7,4458.6,4424.5,4360.9,4281.6,4200.4,4118.9,4070.1,4052.9,4051.3,4051.8,4051.7,4068.2,4088.9,4109.2,4129.3,4150,4153.4,4145.2,4144.4,4149.6,4154.8,4160.6,4173.8,4180.7,4180.2,4145.6,4059,3931.4,3802.2,3674.5,3580.8,3538.7,3539.7,3559,3600.1,3648.7,3697.5,3744.1,3773.3,3779.6,3783.8,3820.1,3904.8,4018.1,4131.1,3370.5,2578.1
1546.8,2121.4,2708.2,2784.8,2862.3,2920.9,2930.9,2957.4,3020,3088.7,3157.3,3227.6,3269.4,3275.2,3274,3276.6,3329.3,3446.7,3570.6,3695.1,3816,3885.6,3894.8,3940.5,4010.9,4082.7,4155.3,4223.8,4249.2,4250.3,4252,4243.1,4194.4,4119.4,4044.7,3968.3,3902.7,3877.2,3875.6,3867.2,3865.6,3865.1,3864.2,3865.8,3873.8,3874.8,3873.4,3894.2,4001.1,4138.2,4273,4409.3,4523.5,4553,4510.9,4416.8,4316.6,4216.6,4115.2,4055.2,4049.5,4049.9,4048.8,4057.8,4099.2,4145.1,4190.6,4237.2,4274,4278,4260.1,4237.4,4217,4196.3,4175.9,4172.8,4175.4,4177.2,4168.6,4108.4,4003,3896.4,3788.6,3691.4,3645.4,3647.2,3661.1,3686.5,3712.3,3738.6,3762.3,3774.5,3774.8,3774.2,3791.5,3877.4,3995,4111.7,3357.4,2585
1548.7,2126.9,2716.7,2796.2,2877,2936.4,2945.8,2972.5,3034.1,3099.8,3165.4,3232.7,3271.3,3275.1,3274.6,3274.2,3314.8,3420.1,3532,3643.8,3755.6,3825.5,3834.5,3881.6,3963.6,4047.5,4132,4212.7,4248.8,4250.2,4250.1,4251.7,4227.6,4176.5,4125.9,4075.2,4023.1,3997,3996.3,3981,3955.1,3931,3906.2,3883,3874,3875.3,3872.8,3904,4029.6,4184.7,4337.6,4492.5,4614.2,4642.9,4601.6,4495.8,4376.5,4258.6,4139.3,4060.6,4048.7,4049.6,4049.1,4079.8,4146.3,4216.1,4286.2,4356.1,4395.1,4398.2,4379.7,4337.5,4292.6,4247.8,4203.2,4176.8,4174.6,4175.4,4174.6,4135.2,4050.7,3965.6,3880.3,3796.3,3750.5,3753.6,3763.9,3770,3774.8,3780.1,3781.4,3776.2,3774.8,3773.4,3790.1,3879.1,3999.8,4119.5,3365.9,2594.2
1568.5,2149.4,2742.3,2825.7,2902.5,2951.4,2961.7,2984.4,3032.8,3094.7,3157.2,3220.8,3259.9,3273.6,3273.4,3284.6,3328.1,3420.8,3521,3621.1,3709.4,3764.4,3774.3,3815.6,3896.7,3993,4089.3,4181.3,4234.3,4248.2,4247.1,4249.1,4244.3,4218.6,4192.7,4166.8,4138.9,4118.4,4117.2,4095.2,4049.2,3999.8,3950.4,3902.6,3875.6,3871.4,3880.8,3946.6,4091.1,4264.6,4437.1,4599.4,4705,4732.8,4694.5,4598.4,4463.4,4326.2,4188.6,4088.4,4048,4044.9,4058.6,4115.1,4206.5,4301.1,4397,4477.9,4516,4519.1,4499.2,4445.9,4375.9,4306.4,4237.4,4188,4172.4,4173.6,4166.2,4138.8,4076.6,4012.9,3949.4,3893.7,3857.1,3860.2,3861.5,3848.7,3830.3,3812,3789,3769.5,3762.8,3767.8,3808.4,3904.7,4030.1,4155.9,3397.8,2604.6
1603.1,2192,2787.3,2871,2937.1,2970.8,2976.1,2988,3020.6,3076.9,3139.1,3201.9,3251.9,3280.5,3287,3312.6,3369.7,3451.8,3537.8,3622.1,3681.4,3708.5,3712.8,3744.6,3817.7,3928.9,4043.4,4155.1,4235.6,4275.4,4274.3,4268.1,4263.7,4255.8,4247.5,4241.9,4239.2,4236.3,4231.6,4201.8,4144.9,4079,4013.3,3952.7,3917.5,3907.1,3937.5,4036.1,4200.1,4382.9,4566.5,4718.2,4801,4819,4791.7,4711,4574.8,4425.1,4276.1,4153.8,4086.2,4073.6,4105.5,4180.8,4290.4,4402.8,4515.4,4596.9,4633.8,4636.3,4612.6,4554.7,4472.7,4390.3,4308.9,4250.9,4228.1,4222.8,4195.9,4155.2,4101.9,4047.3,3999.4,3973.1,3960,3960,3947.8,3924.9,3914.3,3904.2,3893.6,3895.9,3907.3,3908.5,3945.5,4027.9,4126.6,4226.7,3444.3,2625.3
1636.5,2232.1,2827.5,2905.9,2961.7,2977.2,2976.4,2978.1,3000.4,3060.1,3127.9,3195.4,3260.4,3304.7,3313.1,3347,3416.4,3494.7,3572.7,3649.1,3691.9,3700,3698,3710.9,3776,3902,4030.6,4159.8,4274.7,4337.7,4334.6,4316.3,4298.9,4281.9,4264.7,4252.8,4253.6,4254.4,4254.2,4235.7,4189.2,4134.3,4080,4026.3,3990.5,3979.1,4017,4141.4,4309.4,4478.6,4651.3,4783.1,4827.6,4829.2,4823.6,4771.9,4648.3,4507.5,4367.7,4234.1,4146.6,4130.3,4170.5,4258.6,4363.8,4468.2,4573.3,4639.2,4655.2,4654.7,4644.1,4602.8,4539.9,4477.2,4414.6,4363,4343.1,4335,4281.3,4209.4,4135.8,4061.6,3997.2,3978.2,3976.8,3978.1,3968.4,3976.8,4025,4071.9,4117.7,4174.2,4212.4,4201,4203,4238.9,4277,4315.5,3483.3,2638.9
1658.1,2254.1,2849.1,2921.7,2971.4,2975.9,2974.7,2972.8,2993.3,3059.1,3132.3,3204.8,3279,3330.4,3337.6,3374,3447,3519.7,3592.7,3664.7,3700.1,3699.8,3699.2,3701.1,3772.5,3910.7,4051,4191.4,4329.2,4397.9,4394.9,4370.7,4340.3,4310.5,4280.5,4255.3,4249.2,4249.9,4251.2,4246.6,4215.6,4175.3,4136,4095.5,4060.7,4048.2,4086.6,4223.3,4380.1,4534.5,4693.1,4810,4827.4,4824.8,4828.1,4797.3,4684.4,4555.3,4428,4297.4,4200.8,4184.9,4227.1,4318.9,4412.5,4505,4598.7,4650.7,4651.2,4649.9,4649.1,4630.4,4590.5,4550.5,4511.3,4472.8,4453.1,4445.9,4380.8,4282.7,4187.1,4090.6,4002.7,3972.8,3975.2,3975,3979.1,4044.2,4151.2,4256.6,4361.9,4463,4502.8,4492.3,4471.5,4451.5,4431.4,4411.4,3519.9,2640.4
1663.5,2259.4,2854.4,2921.9,2966.8,2975.6,2973.6,2975.6,3005,3075.3,3153.6,3232.1,3307.3,3355.1,3363.1,3396.9,3461.2,3528.8,3596.7,3663.5,3696.4,3699.9,3698.3,3714.8,3800.9,3950.9,4103.2,4256.7,4392,4457.9,4455.2,4430.8,4390,4347.6,4305.5,4268.1,4250,4249,4249.9,4250.1,4234.1,4207.8,4182.8,4157.1,4131.6,4118.3,4157.3,4274,4414.9,4555.5,4699.9,4802.3,4825.7,4825.5,4824.8,4793.9,4693.4,4575.2,4458.3,4342.5,4256.8,4240.3,4281,4357,4438.6,4520.2,4602.1,4644.6,4650,4649.5,4651.1,4651.2,4633.8,4615.9,4599,4580.2,4563.6,4555.9,4493.6,4381.6,4262.5,4143.9,4034,3979.1,3973.1,3972.1,4011.9,4136.2,4301.2,4464.9,4630.4,4754.1,4792.8,4784.1,4745.7,4669,4590.8,4512.7,3561.5,2641.5
1654.9,2246.6,2842.1,2904.1,2950.5,2972.4,2975.2,2989.2,3033.9,3110,3193.3,3276.3,3344.3,3381.7,3389.3,3412.5,3460.5,3521.5,3584,3644.9,3683.1,3696.6,3701.4,3750.8,3862.3,4024.5,4190.1,4351.2,4466.5,4519.9,4517.8,4493.7,4448.5,4394.2,4340.2,4291.2,4261.2,4252.8,4252.9,4251.2,4244.3,4232.3,4220.7,4209.6,4199.7,4192.1,4219.9,4297.1,4414,4540.9,4669.7,4768.1,4816.7,4827.2,4812.3,4763.8,4672,4565.9,4459.6,4368.8,4312.6,4299.8,4325.9,4376.4,4444.2,4514.8,4584.7,4630.1,4649.6,4652,4654.9,4663.9,4669.1,4673.4,4677.9,4679.2,4675.6,4667.4,4612,4501,4361.1,4220.6,4088.8,4005.1,3975,3986.9,4076.2,4255.4,4480,4704.9,4916.7,5050.6,5095,5080.2,5015.9,4895.9,4757.1,4618.6,3613.4,2658.9
1634.8,2225.5,2828.6,2895.1,2957.3,3000.1,3011.1,3032.7,3088,3164.6,3243.1,3321.5,3377,3399.7,3400.7,3409.7,3443,3496.5,3552.9,3609.6,3656.5,3678.2,3692.5,3778.6,3926.1,4100.3,4275.6,4438.2,4526.1,4552.7,4550.7,4533.8,4495,4446.1,4397.6,4351.2,4319.8,4310.7,4305.7,4291,4274.1,4257.6,4240.6,4229.7,4227.8,4226.4,4233,4276.6,4377.4,4504.2,4630.8,4749,4830.2,4855.4,4820.8,4744.6,4641.9,4536.5,4430.2,4358,4329.3,4326.1,4334.2,4366,4433.7,4509.7,4585.5,4652.9,4696.1,4702.9,4698.6,4700.5,4706.1,4711.5,4717.5,4726.2,4730,4728.2,4692.3,4599.1,4466.1,4332.1,4200.3,4102.8,4059.7,4084,4208.3,4418,4655.3,4893.1,5103.1,5214.2,5240.5,5229.2,5170.1,5045.2,4884.8,4724.8,3686.4,2698.1
1620.2,2218.7,2830.2,2905.1,2981.2,3040.8,3051.9,3076.2,3138.7,3209,3278.8,3349.2,3393.4,3400.7,3399.8,3400.9,3425.4,3475.7,3528.1,3580.9,3632.1,3658.6,3670.9,3780.2,3956.2,4134.3,4313.3,4480.7,4548.9,4550.4,4550.4,4545.8,4520.7,4485.5,4451,4416,4386,4377.3,4371.8,4344.9,4314,4283.5,4252.4,4228.1,4224.5,4224.5,4222.6,4245.5,4351.2,4485,4616.9,4750.4,4859.1,4886.8,4845,4743.9,4630.7,4519.1,4405.8,4333.9,4323.5,4324.7,4323.9,4351.1,4432.1,4520.8,4608.8,4697.3,4757.9,4764.3,4755.7,4747.4,4739.7,4731.9,4724.4,4724.4,4724.9,4726,4717.1,4649.7,4537.6,4425.3,4312,4208.7,4161.1,4185.5,4335,4548.5,4761,4976.1,5163.8,5226.8,5225.4,5226.9,5202.2,5091.6,4941.9,4794.6,3747.8,2727.5
1622.7,2229.6,2849.1,2932.4,3017.4,3081.1,3092.1,3116.6,3175.9,3238.6,3300.4,3362.6,3398.7,3401,3400,3400.5,3420.8,3467.9,3516.6,3565,3612.9,3639.5,3650.7,3763.1,3945.7,4127.9,4310.8,4482.5,4551.5,4550.4,4549.8,4551.6,4540.1,4518,4496.4,4474.9,4451.7,4442.3,4437.3,4406,4361.8,4318.2,4274.1,4236.2,4224.1,4224.6,4222.3,4247.1,4359.5,4499.2,4636.9,4777,4889.7,4917,4874.8,4767.4,4647.9,4530.3,4410.7,4333.2,4323.1,4325,4324.2,4360.2,4453.4,4554.1,4653.9,4754.3,4818,4824.7,4816.1,4798.3,4778.5,4758.7,4738.9,4726.8,4724.9,4725.8,4725.7,4678.9,4586.8,4494.3,4401.4,4309.4,4261,4285.4,4434.3,4630,4822.3,5017.4,5185.2,5228.7,5225.2,5226.7,5209.7,5107.6,4966.4,4828.1,3781.4,2753.4
1644.5,2258.6,2886.1,2979,3065.6,3120.7,3133.3,3153.9,3198.5,3252.9,3306.1,3358.8,3390.1,3398.6,3397.4,3404.1,3426.3,3469.7,3514.9,3559.7,3598,3619.2,3632.2,3727.2,3892.1,4078.9,4265.7,4440,4530.3,4551,4549.7,4552.2,4552.1,4543.6,4535,4526.7,4516,4508.3,4502.8,4471.5,4418.1,4360.2,4302.4,4250.8,4224.6,4219.3,4225.7,4276.4,4395.8,4542.3,4688.1,4826.6,4920.1,4946.4,4907.3,4814.4,4690.4,4565.7,4439.9,4352.6,4321.2,4320.1,4334.3,4391.5,4497.4,4610.9,4724.1,4822.7,4878.1,4884.9,4874.6,4850.5,4818.8,4786.9,4754.7,4732,4724,4724.3,4716.2,4681.2,4610.6,4538.6,4466.1,4402.3,4362.9,4387.3,4501.3,4664.5,4838,5012.8,5159.5,5218,5227.5,5223.5,5187.9,5092.1,4959.8,4830,3787.5,2778
1689.1,2315.5,2950.5,3044.7,3122.2,3164.1,3171.7,3180.7,3207.2,3253.1,3303.5,3353.5,3393.6,3416.8,3421,3430.4,3454.3,3490.5,3527.3,3563.7,3590.6,3602.5,3609.1,3671.5,3802.6,3988.1,4178.1,4360.6,4486.8,4544.3,4548.2,4551.1,4556.5,4560.9,4565.3,4568.8,4569.8,4569.4,4564.4,4535.1,4481.4,4416.9,4352.6,4294,4259.4,4247.1,4270.8,4348.4,4477.6,4623.6,4770.4,4892,4959.1,4974.7,4949.4,4877.7,4762.8,4638.7,4515.2,4416.4,4364.6,4357.6,4389.4,4464.3,4576.8,4694.5,4810.2,4896.3,4938.3,4942.4,4929.7,4903,4863.6,4823.5,4783.4,4755.4,4742.1,4737.1,4713.5,4672,4616.7,4560.5,4509,4476.6,4461.1,4472.4,4535.9,4654.4,4807.1,4960.3,5100.2,5188.6,5222.6,5204.9,5144.1,5041,4919.1,4798.3,3770.8,2787.4
1754.8,2390.3,3025.6,3098,3154.6,3176.4,3175.7,3176.7,3195.2,3253.6,3320,3385.8,3450,3496.8,3504,3506.4,3521,3541.6,3561.1,3580.3,3596.4,3601,3598.1,3622.3,3727,3912.4,4101.7,4291.7,4455.7,4539.3,4543.4,4547.6,4554.4,4561.4,4568.4,4574.2,4576.2,4576.6,4576.7,4559.9,4522,4475.5,4429.3,4383.3,4353.9,4343.7,4370.8,4461.2,4586.7,4713,4841,4940.2,4975.6,4976.5,4970.9,4924.9,4834.5,4734.3,4634.5,4540.5,4487,4479.7,4512.3,4587.8,4682.9,4777.4,4870.3,4933.1,4951.8,4951.5,4945.9,4926.7,4895.5,4864.2,4832.6,4807,4795.3,4788.2,4746.1,4684.6,4620.4,4556.4,4499.9,4478.5,4476.4,4475.1,4503.4,4601.7,4748,4893,5039.6,5155.8,5202.9,5178.2,5096.6,4982.7,4866.5,4750.9,3733.9,2775.2
1816.2,2451.7,3086.8,3136.9,3170.9,3175.6,3174.5,3171.7,3195.3,3270.9,3353.4,3435.7,3520.1,3578.2,3584.1,3584.5,3587.6,3591.4,3594.8,3598.2,3600.2,3600.5,3599.2,3602.4,3699.3,3884.6,4072.7,4260.8,4444.8,4535.1,4538.2,4543.1,4551,4558.7,4566.5,4573.1,4575.2,4575,4575.7,4572.7,4554.5,4527.3,4500.5,4473.1,4449.2,4438.5,4466.1,4561.9,4670.8,4777.7,4886.7,4966.2,4977,4975,4976.5,4955.6,4889.8,4813.8,4738.5,4662.1,4607.7,4599.6,4633,4700.8,4771,4841.2,4910.1,4947.8,4950,4950,4949.2,4939.3,4918.4,4897.2,4876.1,4856,4845.2,4838.8,4789.1,4713.1,4638.9,4564.5,4496.8,4472.7,4474.9,4473.1,4482.2,4574.3,4716.9,4858,5001,5132.9,5182.6,5158.7,5066.1,4952.9,4841.6,4729.7,3716,2772.5
1868.7,2503.7,3138.3,3166,3177,3173.6,3172.1,3175.2,3216.6,3307.2,3406.2,3505.4,3600.3,3656.9,3664.4,3664.2,3654.7,3641,3628.1,3615.1,3601.5,3598.2,3597.8,3613.7,3713.9,3897.9,4085.3,4273,4443.6,4529.9,4533.4,4538.2,4546.8,4555.5,4564.3,4571.9,4574.9,4575,4575.2,4580.5,4581.6,4573.6,4565.9,4558,4544.8,4534,4562.4,4641.9,4730.3,4818.2,4908.1,4967.8,4976.2,4975.4,4976.1,4970.6,4930.1,4877.8,4826.8,4775.1,4729.1,4719.8,4752,4798.7,4844.8,4891.2,4936.1,4951.2,4950.4,4950.3,4949.8,4947.8,4936.8,4925.7,4914.7,4904.1,4895.3,4888.4,4840.6,4758.7,4673.4,4588.8,4511.3,4474.8,4472.5,4472.7,4491.2,4580.2,4718.9,4856.5,4994.6,5113.3,5162.4,5138.5,5056.2,4949.3,4842.1,4734.5,3725.1,2775.1
1909.8,2546,3180.8,3185,3180.4,3175.2,3172.9,3193.7,3259.3,3366.2,3481.6,3596.9,3690.5,3739.5,3747.1,3741.5,3721.7,3692.7,3664.8,3637,3614,3605.6,3609.1,3658.4,3777,3957.6,4142.9,4324.4,4459.1,4524.1,4528.4,4532.7,4541.1,4551,4560.7,4569.3,4573.6,4574.8,4576.2,4586.1,4602.4,4614.7,4626.8,4637.1,4639.3,4634.3,4654.5,4702.8,4767.3,4835.5,4904.7,4952.8,4973.2,4977.4,4976.5,4972.5,4954.1,4926.5,4899.7,4874.1,4851.2,4844.7,4862.8,4882.1,4903.3,4925.5,4945.5,4950.1,4953,4954,4954.2,4956,4954.2,4952.1,4950.4,4948.9,4946.1,4939.6,4899.7,4822.4,4728.5,4635.6,4550,4497.8,4482,4487.7,4530.9,4624.6,4756,4887.8,5014.6,5102.4,5140.1,5121.2,5062.6,4968.7,4864.6,4762.4,3753.1,2783.6
1932.1,2578.3,3229.7,3233.8,3238.7,3247.4,3251.2,3279.8,3356.2,3464.7,3575.8,3686.4,3767,3801.3,3803.4,3795,3772.6,3765.8,3765,3763.9,3770.6,3791.1,3799.3,3848.2,3965.2,4111.8,4258.2,4401.1,4497.2,4525.8,4524.9,4528.3,4535.9,4547.7,4559.2,4570.5,4578.3,4581.8,4585.2,4598.5,4620.5,4644.8,4668.9,4689,4699.6,4701.5,4703.9,4725.4,4771.8,4830.7,4889.8,4946,4983.5,4996,4990.8,4980,4966.8,4953,4939.2,4930.6,4927.6,4927.4,4928.1,4929.6,4943.2,4961,4977.9,4994.5,5011,5013.8,5003.2,4993.4,4985.8,4978,4971.9,4975.1,4978.1,4976.8,4950.7,4892.5,4850.5,4811.7,4774.6,4762,4781.9,4776.9,4785.3,4839.9,4908.7,4976.1,5052.1,5111.5,5125,5119.2,5085.8,5005.8,4900.2,4797.9,3778.2,2786.8
1936.1,2600.2,3269.9,3293.1,3316.4,3338.5,3343,3374.5,3455.7,3548.4,3640.3,3731.7,3790.6,3801.3,3800.5,3797.7,3798.7,3838.7,3883.6,3927.5,3974.4,4017.4,4024.3,4069.5,4167.5,4269.2,4370.2,4468.2,4523,4525.9,4524.8,4526.8,4535.3,4549.4,4562.8,4576.4,4587.7,4592.3,4596.1,4611.6,4633.4,4655.1,4676.9,4694,4700.1,4699.9,4698.9,4710.3,4759.2,4822.6,4885.9,4950.1,5002,5016.9,5010,4993.9,4975.8,4957.5,4938.9,4927.4,4925.2,4925.3,4924.7,4930.5,4959.1,4991.6,5023.4,5056,5082.6,5085.4,5067.7,5044,5022.1,4999.7,4978.1,4973.2,4974.9,4975.8,4966.2,4958.6,4990.7,5024.2,5056.3,5099.1,5141.1,5132.6,5104.8,5100,5096.9,5092.4,5098.7,5123.1,5124.8,5126,5111.1,5030.7,4919.9,4813.4,3787.2,2777.1
1947.9,2630.7,3318.3,3359.6,3401.2,3429.1,3433.3,3466.3,3538.7,3611.9,3685.8,3758.7,3798.1,3799.5,3799.5,3802.1,3843.5,3928.3,4017.3,4105.9,4191.4,4238.1,4244.9,4287.3,4346.8,4403.5,4460.4,4513.8,4527.4,4524.9,4524.9,4526.5,4537.4,4553.7,4568.9,4584.4,4598.1,4602.4,4605.8,4620.6,4640.4,4660.1,4680,4695.4,4700.3,4700.1,4698.9,4710.2,4762.7,4830.1,4897.4,4965.9,5021.8,5037,5030.2,5010.7,4988.3,4966,4943.3,4927.6,4924.8,4925.2,4925.8,4943.6,4986.5,5033.1,5078.9,5124.4,5152.8,5155.7,5137.3,5102.3,5066.1,5029.8,4994,4975.8,4975.2,4974.5,4983.5,5046,5148.6,5251.7,5355.8,5449.8,5491.6,5485,5440.9,5367.4,5294.3,5220.1,5154,5124.8,5125.1,5125.8,5111,5026.4,4911.6,4801,3775.3,2765.1
1969.5,2670.4,3376.4,3436.4,3491.5,3520.6,3525.8,3553.4,3602.6,3656.9,3711.8,3765,3790.7,3796.2,3794.8,3818.2,3903.1,4033.5,4167.4,4302.1,4411.7,4459.7,4466.9,4492.4,4510.2,4522.1,4534.5,4542.4,4528.5,4522.9,4523.4,4528.2,4542.4,4560.8,4578.5,4596.2,4609.2,4612.4,4615.8,4627.2,4644.1,4661.1,4678.1,4690.8,4696.4,4695.9,4698.9,4722.8,4780.4,4852.5,4924.7,4993.5,5041.6,5056.4,5049.8,5030.6,5004.5,4978.6,4952.1,4932.6,4925.9,4925.8,4933.2,4965.9,5022.5,5082.8,5142.7,5195,5222.3,5225.4,5207.8,5167.2,5115.3,5063,5011,4976.2,4965.1,4964.6,5013,5145.4,5321,5496.5,5672.5,5799.6,5844,5837.1,5777,5646.4,5500.4,5354.8,5217.3,5132.8,5119.7,5118.5,5084.4,4995.4,4877.6,4763.3,3742,2751.9
1997.9,2715.6,3439.5,3518.1,3578.4,3609.1,3615.1,3625,3647.9,3685.9,3730.9,3773.9,3806.9,3827.7,3836.5,3887.1,4002.1,4167.9,4337.3,4502.5,4619.2,4672.4,4675.4,4668.4,4650.3,4625.1,4599.6,4573.7,4554.9,4548.1,4547.9,4551.8,4564.3,4579.6,4594.2,4609.5,4620.4,4622.7,4624.7,4631.3,4645.2,4665.8,4686.1,4703.7,4717.3,4723.9,4733.3,4767.9,4828.4,4898.9,4968.8,5029,5064.4,5074.4,5068.8,5052.6,5024.7,4992.1,4959.6,4932.5,4916.2,4913.8,4937.7,4988.5,5062,5138.6,5212.6,5264.8,5289.8,5291.6,5273.7,5231.9,5181.7,5133.7,5086,5055.3,5047.7,5057.7,5138.9,5310.1,5536.8,5764.6,5982.9,6127.6,6184.4,6172.1,6089.3,5927.9,5721.6,5514.7,5321.4,5198.8,5156.5,5134.9,5067.6,4958.8,4830.9,4703.9,3695.4,2731.6
2017.5,2743.5,3468.6,3554.4,3610.5,3627.1,3626.7,3628.6,3643.3,3697.3,3763.6,3828.5,3891.9,3941.7,3955.9,4015.9,4143,4295.4,4446.6,4593.9,4683,4706.8,4705.3,4698.6,4683.1,4667.2,4651,4634.8,4625.5,4625.7,4622.8,4615.3,4614.9,4615.1,4614.7,4617.7,4625.2,4625.5,4626.2,4628.4,4650.3,4690.6,4730.1,4768.5,4805.7,4823.4,4830.5,4860.8,4909.9,4960.6,5011,5053.6,5073.9,5075.8,5074.5,5063.8,5030.9,4990.4,4950.2,4911.6,4882.2,4877.2,4917.2,4991,5076.6,5162.1,5245.2,5290.9,5301.8,5302,5294.2,5272.3,5274.3,5282.3,5288.5,5303.3,5331,5343.1,5417.8,5575.9,5757,5937.4,6109.4,6213.1,6234.5,6232.9,6186.4,6050.1,5859,5668.8,5479,5336,5285.7,5247.8,5128.6,4979.1,4826.1,4671.3,3653.9,2716.4
2021.8,2748.3,3473.3,3562.4,3620.2,3626.4,3624.9,3623.2,3647.4,3726,3815.7,3904.2,3994.4,4058,4070.2,4134.2,4259.4,4386.5,4513.7,4637.8,4699.2,4700.5,4700.2,4698.6,4697.4,4697.6,4697.6,4697.6,4699.2,4700.9,4697.9,4684.4,4669.1,4654.1,4638.5,4626.4,4624.9,4625,4624.8,4629.6,4670.3,4730,4788.6,4847.1,4900.8,4918.8,4925.7,4951.4,4983.2,5014.7,5046,5069.3,5075.2,5074.9,5075.7,5064.8,5023.9,4976.5,4929.9,4882.4,4846.2,4841.8,4885.8,4975.3,5067.6,5159.7,5250,5298.4,5300.5,5300.1,5299.5,5321.6,5380.3,5444,5507.2,5571.3,5611.3,5623.2,5697.6,5819.5,5941.3,6064.2,6178.7,6225.6,6225.3,6227.6,6215.7,6107.9,5942.5,5779.3,5613.7,5462.6,5410.4,5374,5222.3,5042.2,4865.2,4685.2,3642,2711.9
2006.7,2732.8,3457.8,3550,3611.9,3626.2,3624.5,3628.3,3676.3,3778.5,3891.2,4003.2,4110.8,4173.6,4186,4245.4,4346.1,4449.7,4553.8,4654.2,4697,4699.7,4699.4,4702.9,4717.1,4732.4,4747.5,4763,4774.7,4776,4773.1,4758.5,4728.5,4697.8,4667.4,4640,4624.6,4624.2,4624.3,4643.7,4704.1,4782.9,4860.6,4938.4,4996.5,5013.8,5021.1,5036.5,5048.8,5061.4,5073.7,5077.6,5074.8,5074.9,5073.9,5054.7,5006.7,4952.3,4898.7,4846,4811,4806.7,4848.5,4937.1,5036.6,5135.6,5233,5290.6,5300.8,5298.3,5312.3,5388.4,5503.2,5622.7,5743.9,5849.4,5891.1,5903.9,5967,6035.2,6100.4,6167.7,6225,6227.3,6224.8,6225.9,6214,6130.8,5990.5,5852.2,5713.4,5587.2,5535.4,5499.6,5351.4,5148.2,4945.7,4740.8,3672,2713.4
1976.3,2697.1,3422.8,3517.6,3587.4,3621.2,3624.8,3649.9,3727.9,3853.8,3990.4,4126,4235.5,4292,4305.3,4342.9,4406,4484.4,4565,4640.7,4681.7,4698.1,4699.3,4710.2,4735.6,4766.6,4797.4,4827.9,4847.3,4852.9,4849.7,4831.7,4792.6,4746.4,4700.2,4657.4,4629.8,4622.4,4630.4,4671.6,4752,4850.6,4949,5039,5095.2,5112.9,5116.1,5116.2,5110.1,5102.7,5094.8,5083,5075.7,5074.7,5065.4,5033.2,4977.7,4916.2,4855.2,4803.8,4774.7,4771.1,4805.9,4880.7,4984.3,5090.7,5194.6,5266.2,5296.5,5299.6,5348.5,5472.7,5645.7,5824.1,6000.8,6129.3,6181.2,6193.6,6217.4,6230.1,6237.3,6246.2,6245.9,6229.3,6224.5,6220.6,6188.5,6116.2,6003.6,5890.9,5782.9,5702.9,5665.8,5631.1,5506.4,5300.4,5070.7,4840.4,3742.8,2734.9
1938.5,2651.3,3379.2,3477.3,3563.7,3618.2,3631.7,3680.5,3788.7,3935,4085.7,4235.1,4334.1,4375.6,4378.6,4388.7,4423.5,4494.4,4571.5,4648.3,4714,4755.2,4760.2,4766.5,4787.9,4816.6,4845.4,4874.2,4895.4,4902.8,4900.3,4882.8,4844.4,4795.9,4747.5,4701.6,4670.8,4659.8,4675.3,4732.1,4824.9,4929.2,5034.2,5122.5,5169.2,5179.9,5176.8,5167.1,5149.7,5129,5109.1,5091.5,5081.4,5078.5,5058.5,5011.3,4946.1,4879.6,4813.8,4768.5,4749.4,4748.2,4766.3,4823.1,4927.5,5041.3,5154.1,5248.8,5302.9,5318.1,5404.5,5569.7,5781,5996.5,6203.5,6330,6378.6,6380.5,6371.1,6350.8,6323.1,6295.1,6267.9,6249.4,6243,6230,6172.9,6084.9,5986.1,5887.2,5802.3,5761.8,5753.9,5739.6,5649.6,5457,5208,4960.5,3825.3,2764.6
1913,2625.1,3354.3,3452.3,3550.7,3623,3637,3697.7,3833.7,3982.7,4130.7,4279.6,4364.7,4376.4,4374.3,4373.8,4406.6,4496.4,4591.8,4687.3,4782.4,4844.2,4848.8,4848.6,4857.9,4868.4,4878.8,4889.4,4899.1,4900.3,4900.3,4894.4,4867.5,4830.8,4794.3,4757.8,4727.4,4716.4,4732.3,4799.1,4891.1,4982.8,5075.6,5151.4,5176,5175.4,5175.2,5170.6,5155.6,5136.7,5119.1,5101.2,5088.3,5085.4,5061.5,4999.9,4931.2,4863.8,4796.7,4754.5,4748.7,4749.8,4751.5,4792.5,4900.1,5016.8,5132.5,5246.3,5319,5332.7,5442.2,5639.2,5849.1,6059.9,6263.8,6362.7,6375.3,6375.2,6372.5,6359.3,6338,6316.3,6294.5,6276,6269.2,6253.7,6175.2,6070.8,5966.5,5861.6,5773.4,5748.4,5749.6,5752.8,5712.6,5529.6,5280,5034.7,3882.3,2772.4
1909.9,2623.2,3353.3,3451.8,3552,3628.1,3641.5,3702.8,3844.1,3991.5,4138.4,4286.7,4370.2,4375.7,4374.4,4373.3,4419.5,4527.3,4639.8,4752.1,4864.9,4930.2,4934,4932.2,4926.3,4919.5,4913,4906.4,4900.7,4899.9,4900.2,4900.1,4885.1,4859.4,4834,4808.5,4783.3,4771.4,4787.8,4854.3,4935.7,5016.1,5097.9,5162.3,5176.1,5175.1,5174.9,5171.8,5158.1,5140.1,5123.4,5106.9,5093.4,5090.7,5067.1,5002.1,4933.1,4864.6,4796.1,4752.7,4749.3,4750.1,4749.3,4790.3,4900.8,5020.5,5138.9,5258.2,5333.9,5347.3,5460.2,5662.4,5869.7,6077.8,6278.9,6371.3,6375.7,6375,6374,6366.5,6350.3,6333.7,6317,6301.7,6294.2,6279,6195,6084.1,5975.1,5865.1,5771.5,5747.1,5749.5,5753.6,5724.6,5541.8,5292.2,5047.3,3893.6,2772.6
1929.4,2643.3,3374.5,3474.9,3569.3,3632.7,3647.1,3701.9,3820.4,3966.4,4112.7,4259.6,4348.9,4376.4,4374.4,4390.4,4459.8,4584.2,4713.6,4844,4956.4,5015.3,5019.6,5014.2,4995.1,4970,4945.8,4921.6,4902.2,4897.3,4898.4,4899.4,4895,4881,4866.9,4852.7,4838,4827,4843.3,4894.7,4961,5030.1,5100.2,5152.7,5170.2,5172.8,5172.3,5167.9,5155.3,5138.9,5123.6,5108.8,5098.1,5096,5074.3,5019.4,4950.1,4880,4809.6,4762.7,4747.7,4745.9,4757.7,4813.4,4926.9,5050.2,5173.5,5283.9,5348.5,5364.1,5461.2,5635.7,5840.5,6045.7,6242.6,6348,6377.4,6376.6,6374.9,6370.3,6358.9,6346.8,6334.9,6325.1,6319.3,6304,6232.6,6125,6011.4,5897.4,5799.5,5758.2,5753.5,5750.3,5683.1,5497.7,5248,5001.6,3854.9,2771.2
1968.5,2688.5,3420,3518.6,3598.1,3642.4,3651.8,3685.4,3771.7,3905.7,4049.5,4193.3,4301.3,4357.1,4368.6,4415.2,4516.2,4661.3,4810.2,4955.1,5055.3,5102,5104.7,5091.3,5063.3,5024.1,4985,4946.4,4920.6,4910,4909.4,4907.3,4904.5,4899.3,4893.9,4889.8,4887.1,4883.8,4892.4,4921,4968.6,5030.4,5093.1,5146.5,5179.7,5194.2,5188.8,5176.6,5159.2,5139.7,5121.2,5108.2,5102,5101.2,5087.7,5047.6,4986.1,4919.5,4853.3,4801.8,4775.7,4771.2,4800.9,4875.6,4990.3,5111.8,5232,5323.2,5367.8,5377.7,5438.4,5570.6,5761.7,5960,6153.1,6288.7,6353.6,6360.9,6361.8,6360.9,6357.8,6354.7,6350.3,6346.1,6344.6,6333.9,6282.4,6187.6,6062,5935.3,5820.2,5745.8,5717.1,5689.8,5577.9,5377.4,5137,4896.7,3781,2749.9
2016.4,2745.6,3475.8,3563.3,3627.2,3650.5,3649.8,3659.5,3717.5,3840.8,3977.7,4115.1,4241,4317.7,4334.3,4410.4,4548.9,4710.2,4870.9,5026.3,5108.5,5129.9,5128.9,5120,5096.1,5060.3,5024.5,4988.9,4962.5,4951.5,4948.8,4938.8,4928,4917.8,4907.5,4900.6,4900.9,4901.5,4902.4,4914.7,4960.6,5034.2,5107.3,5179.4,5240.1,5267.8,5253.2,5222.6,5189.3,5156,5122.5,5103.4,5101.2,5102.3,5099.5,5074.2,5029.1,4979.1,4928.8,4882.5,4857.9,4853.8,4889.3,4972.6,5077.5,5182.2,5286.2,5355.5,5376.4,5374.3,5396.4,5493.1,5671.1,5857.1,6044.3,6207.5,6295.8,6305.4,6315.4,6324.9,6334.4,6344.5,6351.9,6351,6351.1,6349.5,6323.5,6230,6075.9,5922.7,5771.5,5644.6,5588.7,5553.9,5416.2,5210.2,4996.8,4781,3699.7,2720.3
2054.7,2785.8,3515.8,3592.2,3644.3,3651,3649.6,3646.6,3685.3,3803.5,3933.8,4062.9,4194.8,4284.1,4298,4385.1,4549.8,4716.8,4883.9,5046.9,5124.5,5125.9,5125.3,5122.6,5108.1,5081,5054,5027.3,5003.3,4991.6,4989.2,4974.8,4956,4937.6,4918.8,4903.2,4899.7,4900,4899.2,4905,4964.2,5052.7,5140,5228.1,5309.6,5338.7,5323,5278.2,5230,5182.7,5134.4,5101.6,5098.9,5100.5,5101.4,5092.1,5063.5,5029.9,4996.2,4962.2,4938.1,4933.4,4971.1,5055.7,5144,5232.4,5320.7,5371.6,5375.1,5374.5,5374,5450.6,5618.8,5793.9,5969.1,6144.3,6241.7,6249.7,6264.7,6285.5,6305.8,6326.9,6345.6,6350.6,6350,6351.5,6341.8,6229.1,6049.9,5872.1,5693,5524.8,5463.6,5429.4,5275.1,5084.4,4897.1,4706,3649.5,2711.7
2078.3,2809.2,3539.2,3604.7,3645.7,3651,3649.5,3649.8,3687.4,3798.4,3921.8,4044.2,4165.8,4249.1,4263.4,4347.6,4510.6,4684.6,4858.6,5028.2,5115.6,5125.8,5124.9,5123.2,5116.2,5097.2,5078.2,5059.7,5042.9,5031.6,5029.4,5014.6,4989.1,4962.4,4935.6,4911.9,4900.7,4899.7,4898.2,4916.3,4990.1,5092.5,5193.9,5296.9,5380.1,5408.5,5393.4,5345.6,5283.2,5221.8,5159.6,5112.3,5098.8,5100,5100.4,5102.3,5090.7,5073,5055.8,5038.3,5019,5013.7,5050.7,5119.4,5191.2,5263.5,5335.5,5371.1,5374.5,5373.8,5379.3,5450,5606.7,5770.9,5935.5,6093.9,6186.1,6194.6,6210.7,6241.6,6273.2,6305.3,6335.2,6350,6350.5,6351.7,6321.4,6182.9,5978.9,5775.9,5571.9,5399.3,5338.9,5302.7,5165.2,5001.6,4839.3,4673.1,3643.3,2713.7
2086.6,2815.2,3545.2,3598.3,3633.8,3648,3648.8,3664.6,3718.7,3823.1,3939.3,4054.6,4153.5,4213.2,4228.3,4295.4,4432.1,4610,4792.1,4968.3,5080.8,5124.6,5126.7,5123,5119.1,5108.7,5098.3,5088.4,5080.9,5074.2,5070.9,5055.5,5026.2,4991.2,4956.4,4924.8,4906,4899.9,4905.8,4948.7,5039.8,5156.3,5272.7,5382.8,5455.5,5480.8,5466.1,5421.5,5350.4,5274.1,5197.5,5135.4,5104,5099.6,5101.1,5107.2,5111.1,5110.3,5109.5,5107.8,5100.9,5097.9,5123.1,5165.7,5218.2,5273.4,5326.9,5356.9,5368.8,5372.1,5404.6,5490.6,5636.5,5790.7,5942.8,6063.2,6129.4,6138.1,6154.3,6190.4,6235,6280.1,6323,6350.3,6359.8,6348.3,6267.6,6094.3,5863.3,5631.7,5412.9,5263.5,5210,5179.7,5090.2,4963.3,4825.7,4686.2,3675.7,2724
2079.2,2809.2,3550.7,3606.4,3657.5,3692.6,3703.1,3728.7,3795.6,3893.4,3993.4,4092.7,4165.3,4197.5,4199.3,4236.4,4340.6,4514,4700.3,4884.9,5032.1,5111.7,5121.1,5117,5113.6,5109.2,5106,5103.5,5102.1,5101.5,5100,5086.8,5060,5025,4990,4956.8,4935.4,4925.8,4941.9,5005.9,5113.1,5234.3,5355.8,5459.8,5515.9,5529.4,5519.8,5484.1,5410.7,5318.6,5226.9,5144.5,5089.3,5072.3,5080.3,5093.2,5109.9,5125.8,5141.4,5150.3,5153.2,5152.5,5160.2,5181.7,5236.6,5303.2,5368.8,5426.8,5470,5483.8,5524.3,5616.7,5740.1,5864.9,5985.5,6067.6,6098.2,6098.7,6112.7,6142.6,6157.2,6170.3,6182.8,6181.4,6166.2,6146.7,6054.7,5877.7,5667.6,5457.4,5266.8,5151,5121.3,5115.5,5070.2,4977.9,4860.9,4745.1,3728.4,2749.6
2067,2810.5,3567.8,3639,3710.9,3768.5,3780.7,3809,3881.4,3967.3,4051.5,4135.8,4190.2,4201.8,4198.7,4205.5,4284.3,4456.5,4640.1,4823.9,4999.5,5102.2,5110.8,5107.6,5105.4,5102.9,5101.4,5100.7,5100.3,5100.1,5100.6,5095.4,5076.9,5050.5,5024.2,4997.5,4976.5,4967,4984.9,5065.7,5177.2,5288.8,5401.8,5495.4,5525.9,5525.8,5525.6,5506.5,5428,5327.1,5228.2,5129.3,5049.7,5029.5,5041.8,5064.7,5089.4,5113.1,5136.8,5150.3,5151,5150,5150.4,5174.5,5261.6,5360.9,5459.1,5556.9,5630.2,5644,5683.9,5768.6,5861.5,5954.1,6043.1,6094.1,6101,6099.3,6105.8,6100.6,6056.6,6012.2,5968.5,5917.8,5880.3,5863.2,5776.3,5628.6,5477.3,5324.9,5190.9,5127.4,5124.7,5126.8,5104.6,5021.1,4909.4,4800.4,3773.8,2771
2072.8,2831.7,3604,3690.4,3778.1,3843.9,3855.6,3885.7,3953.4,4023.1,4092.3,4161.8,4199.4,4200.7,4199.8,4199.6,4271.6,4442.5,4624.1,4804.7,4985.5,5092.9,5100.7,5098.4,5097.5,5097,5097.5,5098.8,5099.5,5100,5100.1,5099.4,5089.2,5070.8,5052.6,5034.3,5016.8,5006.9,5025.8,5111.4,5216.4,5319.7,5424.8,5509.4,5526.9,5525.1,5526.4,5507.6,5420.6,5311.5,5204.9,5096.8,5008.9,4989.1,5001.3,5030.2,5062.6,5094.3,5126.1,5148.1,5150.7,5150,5149.5,5196.7,5316.2,5446.5,5575.6,5705.4,5786.6,5799.1,5839.6,5902.6,5963.4,6025.1,6083,6102.3,6100,6101.4,6095.3,6035.8,5936.4,5836.8,5736.2,5643,5604.9,5587.5,5506.8,5409.6,5314,5216.5,5138.4,5123.6,5125.1,5126.3,5114.7,5037.5,4931.6,4828.9,3802.6,2789.2
2098,2871.6,3659,3761.5,3858.2,3918.6,3931.2,3958.3,4007.9,4062.4,4116.7,4170.5,4196,4200.5,4198.8,4216.5,4300.4,4468.3,4648,4827.7,4988.5,5082.1,5090.8,5089.3,5089.6,5091.4,5094.3,5098,5100.3,5101.8,5101.7,5100.8,5097,5086.5,5075.9,5065.5,5055.8,5047.1,5066.8,5136.7,5229.3,5324.9,5422,5497.7,5523,5526.1,5523.3,5485.1,5389.7,5272.7,5157.6,5045.3,4968.7,4949.3,4961,4989.9,5028.7,5067.7,5106.6,5136.2,5146.1,5144.6,5159.6,5243.9,5395.5,5557.7,5720.3,5866.2,5942.1,5955.6,5987.2,6019.3,6049.6,6081,6107.3,6105,6103.9,6106.1,6067.9,5952.1,5796.8,5641.1,5483.9,5367.1,5329.5,5311.6,5259.6,5217.5,5177.3,5135,5112.7,5124.2,5125.9,5124.7,5102.7,5031,4931.2,4834.2,3810,2806.8
2138.7,2929.8,3732.2,3851.7,3946.4,3996.6,4006.8,4019.4,4046,4082.9,4121.3,4159.3,4183.5,4194.5,4198.6,4250.9,4366.1,4536.3,4714.4,4888.1,5012.3,5073.3,5079,5079.3,5081.3,5082.7,5085.3,5088.4,5089.7,5089.9,5092.2,5094.5,5096.2,5095.8,5095.2,5093.2,5090.5,5087,5099.3,5143.9,5217.2,5305.8,5395,5470.6,5513.9,5529,5509.2,5443.7,5334.4,5209.3,5085.7,4981.7,4923.8,4909.5,4919.9,4946.1,4991.6,5045.1,5098.1,5142.4,5168.4,5175.9,5220.1,5339,5518.6,5706.8,5893.2,6035.1,6102.7,6112.2,6118.8,6120,6114.4,6108.1,6099.6,6085.7,6080,6071.4,5993.6,5833.9,5627.1,5418.5,5219.9,5091.6,5045.2,5039.8,5037.9,5048.4,5064.9,5081.1,5103.2,5121.9,5128.4,5117.7,5075.8,4999.5,4906.1,4813.9,3799.1,2815.3
2168.5,2973.1,3778.9,3910.7,3999,4027,4027.5,4030.4,4044.7,4072.3,4102.7,4133.1,4160.1,4175,4181.7,4265.3,4419.9,4600.9,4781,4956.1,5051.4,5076.2,5074.6,5076.3,5075,5062,5049.1,5036.8,5022.9,5011.7,5016.7,5035.3,5052.8,5070.4,5088.3,5101.7,5101.3,5101,5103.1,5126.3,5187.7,5273.4,5358.3,5440.7,5501.9,5525.6,5493.6,5402.2,5278.4,5152.3,5026.6,4932.3,4898.6,4896.9,4900.3,4918.6,4993.9,5089.7,5183.9,5275.6,5350.7,5370.1,5414.6,5535.5,5694.1,5852.2,6008.8,6119.8,6156.5,6155.5,6155.6,6144,6094.4,6042.5,5991.8,5940.8,5903.5,5891.8,5805.3,5639.6,5450.7,5261.8,5085.1,4985.6,4963.9,4966.3,4975.1,4997.2,5028.8,5060.6,5091.4,5114.2,5124.4,5106.6,5046,4958.9,4868.9,4778.6,3771.6,2807.5
2175.3,2982.2,3787.1,3925.9,4017.7,4026.9,4024.8,4025.3,4033.9,4057.9,4084.8,4111.5,4137.8,4154.8,4160.3,4256.1,4437.9,4622.1,4806.4,4986.9,5074.1,5075.8,5075.1,5076.2,5062.8,5033.2,5004.1,4975.6,4946.1,4930.6,4935.3,4962.9,4997.4,5030.9,5064.8,5094.7,5101.2,5100,5099.5,5109.1,5168.9,5254.3,5338.2,5422.4,5496.3,5521.1,5487.5,5378.8,5253,5129.2,5004.6,4912.8,4897.7,4899.8,4896.8,4923.3,5038.7,5173.6,5306.4,5442.4,5548.2,5566.4,5612,5722.4,5841,5958.6,6075,6144.5,6151.3,6150.4,6153.5,6118.9,6031.8,5943.7,5856.5,5766.5,5715.6,5706.2,5614.6,5465.3,5317,5167.4,5029,4973.7,4974.8,4974.7,4977,4995.2,5023.8,5052.6,5081.7,5107.9,5119.3,5101.2,5027.7,4937.4,4848.7,4759.1,3753.7,2803.3
2151.7,2959.1,3764.4,3909.8,4009.4,4027.7,4025.3,4024.9,4030.8,4050.6,4073.4,4096.1,4118.7,4134.5,4140.2,4232.8,4411.6,4600.4,4788.6,4973.3,5067.8,5076.1,5075.1,5071.2,5042,4996.3,4951.6,4906.7,4866.2,4850.6,4855,4883.9,4933.1,4982.8,5032.6,5078.9,5100.1,5100.2,5098.9,5111,5170.1,5254.2,5337,5420.8,5491.3,5515.8,5482.7,5379.3,5254.7,5132.1,5008.5,4917.6,4898.1,4899.4,4899.9,4962.2,5117.5,5291.4,5463.6,5635,5744.1,5761.7,5806.5,5886,5964.3,6042.9,6120,6151.3,6149.6,6150.9,6143.8,6071.3,5947,5822.4,5697.2,5580.4,5530.3,5519.7,5435.8,5323.2,5212.3,5100,4999.8,4973.8,4975.3,4974.6,4977.4,4994.6,5022,5049.8,5078,5102.8,5114.1,5096.2,5025.7,4936.9,4849.2,4760.6,3756.2,2803.8
2101.9,2901.9,3708.5,3859.6,3972.3,4021.4,4026.4,4026.9,4033.4,4049,4068,4086.6,4103,4114.2,4121.4,4196.6,4345.6,4536.6,4729.9,4917.8,5034.3,5077,5077,5059.7,5014.6,4952,4890.3,4829.9,4785.5,4768.8,4773.4,4802.1,4858.1,4924.4,4990.5,5052.7,5090.3,5099.4,5102.3,5129.5,5191.2,5274.3,5356.6,5434.9,5489.4,5509.9,5480.3,5401.1,5285.6,5162.8,5040.2,4946.5,4903.6,4895.5,4923.9,5036,5231.1,5445.2,5658.8,5843.1,5942.6,5961.9,5990.8,6028.9,6067.5,6106.4,6142.4,6150,6150.1,6149.2,6110.5,5999,5837,5674.3,5513.6,5390.7,5341.4,5330,5278.4,5211.2,5138.3,5064.3,5002.9,4982.8,4976.7,4977.2,4983.9,5001.3,5027,5053.6,5079.2,5098.8,5108.4,5092.2,5037.8,4957.6,4871.3,4784.3,3779.4,2812.1
2039.2,2825.3,3636.2,3795.8,3936.1,4022,4043.5,4042.2,4048.5,4059.1,4071.2,4084,4094.8,4100.2,4101.6,4143.2,4255.4,4429,4611.1,4792,4931.1,4999.2,5004.5,4985.8,4940.3,4879.1,4818.4,4759.4,4716.2,4700.6,4702.9,4727.7,4783.8,4865.9,4948.4,5028.6,5086.2,5111.1,5121.9,5163,5232.7,5311.4,5390.1,5457,5493.4,5502,5489.6,5438.5,5343.4,5231.2,5119.9,5020.6,4960.7,4943.8,5005.3,5158.3,5383.7,5620.8,5857.4,6032.8,6115.2,6125.6,6125.3,6129,6135.3,6142.4,6149,6155,6159.2,6151.2,6071.6,5919.3,5722.8,5525.9,5339.4,5223.7,5180.3,5179.8,5168.7,5140.6,5092.9,5044.3,4996.9,4959.9,4938.5,4943.8,4964.4,4992.9,5025.2,5058.5,5084.4,5096.4,5100.8,5094.1,5060.3,4989.9,4892.1,4794.6,3781.4,2795.1
1993.1,2780,3595.5,3759,3922.1,4041.3,4066.1,4064,4069.2,4076.1,4083.2,4091.4,4098,4099.7,4098.5,4108,4187,4339.7,4500.2,4661.2,4811.3,4891.6,4897.5,4883.4,4847.9,4807.7,4768.3,4729.7,4703.1,4698.8,4698,4706.1,4758,4844.6,4931,5018.5,5096.4,5129.3,5140.9,5194.3,5268.9,5343,5418.3,5480.2,5500.6,5500.3,5500.2,5473.2,5393.6,5295.8,5199.1,5102.6,5032.8,5013.7,5087.6,5276.6,5499.9,5722.1,5946.1,6095.3,6127.9,6126.3,6125.5,6129.2,6137.1,6145.7,6154.4,6163.9,6169.9,6162.4,6056.2,5866.5,5665.8,5465.6,5274.5,5181.6,5171.8,5174.4,5172.5,5143.7,5085.4,5026.6,4966.6,4909.5,4878.4,4885.9,4921.9,4966,5009.9,5055.1,5091.1,5099.6,5099.8,5100.2,5084.1,5004.4,4888.4,4773.4,3753.3,2749.4
1982.6,2774.4,3593.9,3760.9,3931.3,4062.1,4086.1,4084.1,4087.1,4090.1,4093.2,4097.4,4099.9,4099.9,4099.7,4099,4153.2,4285.1,4424.6,4563.5,4702.6,4786.8,4791.9,4778.8,4759.7,4741.1,4722.9,4705.8,4699.5,4699.9,4698.4,4702,4755.9,4845.4,4934.7,5025.1,5110.5,5144.3,5155.5,5212.9,5285.7,5356.5,5428.8,5488.1,5501.5,5499.7,5501.4,5487.9,5422.4,5338.6,5256.2,5172.3,5102.9,5083.4,5159.3,5355.2,5563.6,5771.4,5981.4,6114.3,6126,6124.5,6123.7,6129.3,6139.7,6150.5,6161.9,6173.6,6179.9,6172.9,6059,5856.5,5655,5453.1,5259.8,5172.8,5174.3,5175.5,5173.9,5134.8,5064.5,4994.3,4923.4,4854.8,4822.8,4830.5,4872.4,4929.1,4984.4,5040.5,5087.9,5101.4,5100.1,5101.1,5084.1,4987.2,4854.1,4722.1,3701,2698
2010.9,2805.4,3628.5,3800.6,3966.6,4080.4,4105.7,4103.9,4103.7,4103.2,4102.2,4102.3,4101.1,4100.3,4099.1,4107.3,4153.3,4262.9,4381.5,4499.8,4609.2,4680.8,4687.1,4678,4678,4680.9,4683.2,4687.4,4697.9,4700.3,4698.3,4715.2,4774.4,4866.7,4959,5052.4,5127.6,5159.1,5170.5,5218,5284.7,5353.3,5423.3,5480.2,5501.2,5503.6,5502.6,5487.8,5436.5,5366.2,5296.7,5228.6,5173.9,5154.1,5225.7,5386.5,5579.8,5774.3,5970.1,6093.6,6126.7,6126.5,6126.1,6133.6,6145.5,6158,6171.2,6183.9,6190.4,6182.4,6079.9,5896.1,5690.5,5485.6,5290.6,5189.5,5169.9,5173.4,5160.3,5109.1,5028.6,4947.7,4865.6,4798,4767.8,4776,4815.7,4879.3,4946.8,5014.5,5073,5100.2,5103.7,5101,5056.9,4941.7,4791.2,4641.5,3623,2646.5
2072.3,2877.8,3703.6,3879.9,4024.1,4106.4,4124.7,4122.1,4118.9,4115,4110,4106.2,4103.1,4101,4101.3,4126.4,4183.9,4274.3,4371.1,4465.6,4536.4,4574.9,4580.1,4583.9,4600.2,4622.3,4644.2,4666.3,4683.8,4688.6,4695.1,4733.9,4807.8,4905.1,5003.4,5094,5152.4,5175,5182.1,5213.1,5266.9,5329,5391.7,5446.5,5477.2,5485.7,5482,5461.1,5420.1,5368.6,5317.1,5269.6,5239,5228,5272,5380.8,5546.4,5727.8,5908.3,6044.3,6115.1,6128.5,6129.7,6139.4,6153.2,6167.5,6182.3,6193.9,6199.8,6193.9,6122.6,5976.6,5776.6,5571.3,5374.6,5242.5,5186.5,5178.8,5144.6,5074,4979.9,4884.4,4794.7,4735.5,4711.3,4718.4,4753.6,4816.5,4892,4967.5,5035,5074.4,5086.7,5067.5,4991.2,4855.1,4690.9,4527,3528.2,2587.4
2126.5,2950,3775.6,3956.2,4081.7,4125.8,4127.5,4126.7,4124.2,4122.1,4118.2,4114.8,4111.9,4110,4110.6,4149.4,4224.1,4312.5,4400.4,4485.8,4534.6,4547.8,4547.6,4552.8,4567.3,4582.5,4596.9,4611.2,4620.9,4619.4,4633.2,4705.2,4810,4922,5035.2,5132.4,5171.8,5178.3,5177.5,5195.5,5229.8,5265,5300.3,5335.6,5353,5353.8,5357.6,5352.7,5333.4,5312.7,5292.2,5267.8,5252.1,5249.6,5260.5,5329.6,5478.5,5652.4,5825.1,5985.6,6088,6110.2,6116.2,6132.7,6151.4,6169.9,6188.6,6198.7,6200.8,6201.9,6172.3,6064.4,5883.4,5695.8,5508.3,5351.7,5275.5,5260.9,5192.6,5086.5,4970.7,4853.9,4748.7,4703.5,4694.5,4696.9,4718.5,4764.8,4819.2,4872.9,4925.2,4957,4965.1,4941.2,4853.5,4716.4,4572.4,4427.9,3458.3,2553.3
2151.6,2979,3803.9,3988.1,4111.6,4127.3,4124.9,4124.9,4124.5,4125.5,4124.3,4123.1,4122,4120.7,4120,4165.1,4250.3,4336.9,4423.4,4508,4549.1,4550.1,4549.5,4550.2,4552.4,4552.7,4552.8,4553.1,4552.6,4548.5,4561.5,4654.2,4781.6,4906.6,5033.5,5145.4,5177.6,5175.2,5173.7,5178.7,5187.4,5196.2,5204.7,5214.5,5218.4,5217.8,5221.8,5232.9,5239.8,5245.9,5252.8,5254.9,5250.3,5249.5,5247.3,5291.7,5437.5,5607.5,5775.5,5945.4,6068.6,6089.9,6098.6,6120.7,6143.1,6165.6,6188.5,6199.8,6200,6200.8,6198.2,6119,5954.8,5785.5,5616.8,5451.4,5365,5353,5264.6,5131,4998.6,4864.2,4740.4,4698.1,4699.6,4699.9,4705.4,4726.2,4754.4,4781.9,4809.5,4831.4,4839.1,4815.1,4720.7,4601.1,4483.6,4365.1,3421,2547.9
2138.4,2965.4,3790.5,3977.6,4104.8,4127.1,4125.1,4125,4126.4,4129.5,4130.2,4131,4131.9,4130.7,4130.3,4174.3,4256.5,4340.6,4425.3,4507.7,4548,4550,4550.4,4546.7,4534.9,4520.9,4507,4492.7,4482.5,4478.5,4491.7,4583.6,4722.6,4862.2,5003,5128.6,5175.7,5175.6,5174.7,5164.6,5145,5127,5108.5,5090.2,5082.2,5082.9,5085.7,5108.2,5142.9,5176.1,5210,5240.2,5251.2,5248.6,5247.7,5293,5434.9,5600.8,5765.8,5930.4,6048.7,6070.2,6079,6102.6,6128.9,6155.3,6181.9,6197.2,6199.9,6201,6199.8,6136.6,5990.7,5839.3,5688.5,5539.7,5455.2,5442.9,5355.5,5208.1,5057.6,4905.2,4763.5,4702.3,4699.5,4700.8,4694.9,4689.7,4692.6,4695.2,4697,4705.3,4714,4689.6,4606.1,4512.3,4419.9,4326.5,3407.8,2548.8
2090.2,2909.9,3736.6,3926.2,4064.2,4123.2,4128.9,4127.3,4129.5,4133.5,4135.7,4138.2,4140.9,4140.4,4141.2,4176.8,4243.5,4326,4409.8,4490.2,4537.6,4554.1,4554.1,4542.6,4518,4488.8,4459.9,4431.7,4414.2,4408.1,4422.1,4498.4,4632.5,4788.1,4944.2,5084.8,5162.6,5183,5177.6,5152,5106.4,5059.3,5011.5,4968.1,4946.6,4944.1,4948.6,4980.6,5038,5099.5,5162,5218.9,5248.6,5251,5266.5,5335.4,5472.8,5633.6,5794.1,5937.3,6026.9,6048.4,6056.7,6078.4,6108.7,6140.1,6171.2,6192.3,6201.9,6203.2,6182.5,6115.5,5989.3,5855.9,5723.9,5612.8,5550.1,5534.9,5460.8,5319.8,5149.9,4978.6,4819.1,4726,4698.2,4698.3,4683.5,4657.1,4634.1,4611.1,4589.2,4581.3,4585.4,4564.2,4511.9,4447.3,4379.9,4312.7,3417,2552.3
2019.3,2815.4,3631.8,3812.9,3967.8,4055.1,4073.7,4082.2,4097,4113.6,4129.2,4144.2,4149.1,4149.8,4148.9,4168.1,4216.8,4276.6,4335.4,4393.5,4432.6,4442.4,4444.6,4448.9,4438.2,4420.2,4402.2,4380.7,4358.3,4349.9,4355.3,4410.4,4525.3,4672.2,4819.4,4959.9,5050.7,5081.9,5080.7,5062.3,5019.5,4969,4918.1,4867.5,4835.5,4826.9,4834.4,4872.1,4938.3,5012.5,5088.3,5155.8,5192.8,5200.6,5250.5,5362.4,5519.9,5685.7,5851.3,5966.5,6019.2,6026.4,6033.1,6051.9,6075,6097.5,6120.1,6135.3,6139,6136.5,6105.1,6029.7,5926.7,5823,5721.8,5650.2,5623.5,5619.6,5566,5442.6,5256.8,5067.7,4883.8,4750.7,4687.2,4681.7,4660.3,4623.7,4581.7,4539.5,4501.8,4482.1,4477.4,4472.9,4453.5,4415,4363.8,4314.1,3423.5,2547.4
1959.4,2736.5,3536.7,3700.7,3861.5,3970.4,3991.2,4008,4041.2,4073.9,4106.3,4138.5,4151.5,4150.6,4149.5,4156.1,4183.2,4209.6,4234.8,4260.5,4279,4276.8,4279.6,4302.6,4319.6,4334.1,4349,4359.6,4351.4,4349,4347.1,4369.7,4453.6,4571,4687.6,4806,4899.5,4931.6,4933.6,4929.5,4909,4887.9,4866.7,4842.3,4825,4823.8,4823.1,4843.7,4894.9,4954.6,5015.3,5076.1,5115.6,5122.6,5190.8,5350,5531.4,5711.5,5893.4,6005.7,6026.4,6024.7,6026.9,6036.2,6041.4,6045.3,6049.6,6051.5,6046.3,6043.2,6008.2,5931.6,5846.2,5762.2,5680.2,5631.6,5624.4,5627.5,5608.6,5502,5310.2,5117.4,4923.7,4750.8,4665.9,4661.5,4635.9,4598.1,4559.5,4520.6,4486.5,4474.4,4473.9,4474.8,4465.9,4425.2,4367.8,4312.7,3417.2,2531.3
1934.9,2696.2,3480.4,3626.9,3776,3890.5,3911.5,3929,3976.2,4024.9,4073.2,4121,4149.3,4150.4,4150.1,4150.3,4147,4141.1,4134.4,4127.3,4120.2,4116.6,4119,4146.9,4193,4240,4287,4330.4,4349.2,4350.1,4349.1,4352.3,4405.9,4494.1,4581.3,4669.3,4753.2,4786.6,4787.9,4792.8,4800.6,4808.7,4816.7,4822.2,4825.1,4825.2,4823.5,4829.4,4865,4909.6,4954.6,5001.3,5040.1,5047.6,5116.9,5300,5497,5692.2,5889.2,6015.2,6027,6025,6025,6019.7,6006.7,5992.4,5978.5,5964.8,5956,5953.3,5916.1,5849.2,5782.9,5717,5652.8,5624.2,5624.9,5626.4,5621.3,5513.8,5317.6,5121.2,4923.9,4733.1,4645.3,4641.7,4615.3,4580.3,4546.1,4511.4,4481.3,4474.1,4474.9,4476.3,4468.3,4420.8,4356.7,4295.6,3399.2,2512.2
1945.3,2689.7,3457.8,3588.4,3715.8,3809.5,3831.4,3848.4,3900.3,3966.2,4031.1,4095.3,4140.6,4153.5,4152.8,4145.1,4112.8,4074.5,4035.2,3995.3,3963.6,3956.4,3958.5,3989.1,4057.8,4138.1,4217.6,4293.8,4342.5,4353.4,4352.3,4354.3,4380.9,4439.1,4496.7,4554.5,4610.1,4641.1,4642.6,4656.8,4691.8,4729.5,4766.8,4802.1,4825,4827.3,4826.1,4828,4848.1,4877.2,4907,4937.5,4965,4973.7,5040.7,5208.1,5419.8,5630.9,5842.3,5986.5,6029.6,6029,6024,6002.7,5971,5938.2,5905.1,5877.4,5866,5862.4,5829.9,5782.5,5734.5,5687.1,5642.2,5627.3,5627.1,5628.8,5598.8,5480.8,5280.9,5079.9,4878.2,4707.8,4626.1,4621.4,4599.5,4569.4,4538.8,4507.9,4481.9,4474,4473.9,4474.8,4456.9,4403.4,4333.6,4266.4,3370.9,2494
1982.7,2718.3,3468.8,3582.8,3677.8,3733.3,3747.6,3766.1,3817.3,3893.3,3971.7,4048.8,4106.9,4133.8,4135.4,4116.4,4068.1,4000.7,3931.6,3863.1,3813,3792.2,3794.8,3833.1,3914.1,4022.9,4132.4,4237.2,4307.8,4335.5,4338.6,4349.1,4368,4398.6,4429.6,4457.2,4477.2,4488.7,4495.5,4523.8,4579.4,4645,4710,4768.1,4804.4,4813.8,4815.8,4823.7,4836.9,4853.2,4869.9,4883.9,4892.8,4896.3,4947.7,5082.5,5291.4,5514.6,5736.3,5906.9,5993.5,6006.9,5996.7,5968.2,5923.6,5877,5829.7,5791.9,5774,5770.1,5755.8,5732.6,5701.5,5668.9,5638.6,5620.7,5612.7,5604.1,5535.6,5392.8,5192.9,4990.3,4796.9,4664.7,4607.2,4603.7,4590.7,4567.8,4542.2,4517,4494.9,4483.4,4481.5,4474,4438.9,4375.2,4298.1,4223,3334.7,2473.4
2018.8,2762.1,3506.9,3617.9,3694.6,3721.6,3722.7,3731.3,3769.9,3830.6,3892.7,3954.5,4007.4,4030.6,4031.7,4017.4,3974.2,3916.3,3858.7,3801.5,3758.2,3744,3744.3,3767.5,3834,3931,4028.8,4126.3,4200.6,4230.7,4241.3,4276.7,4318.6,4361.3,4404.8,4437.2,4444.2,4444.8,4447.3,4469.2,4517.6,4575.4,4632.4,4686.8,4721.7,4730.8,4743,4770.8,4800.2,4828.8,4856.9,4872.5,4873.5,4871.7,4888.6,4981,5158.2,5355.4,5551.8,5730.1,5832.6,5852,5857.5,5849.8,5829.9,5809.6,5787.7,5759.7,5747,5746.8,5743.6,5728.8,5684.5,5635.5,5587.3,5542.5,5511.2,5495.6,5407.6,5247.9,5064.9,4881.6,4712.2,4619.8,4598.2,4600.3,4594.1,4579.1,4563.9,4549.2,4534.1,4525.5,4526.4,4508.1,4447.6,4364.6,4278,4191.8,3305.3,2460.5
2037.3,2783.6,3528.7,3641.8,3717.1,3726.3,3725.3,3725.7,3744.4,3783.7,3824.2,3864,3903.9,3925.4,3926.1,3912.1,3879,3843.3,3808,3773.1,3751.6,3749.5,3749.3,3752.9,3795.8,3871,3946.4,4022.4,4093.9,4125.6,4135.2,4187,4252.8,4317.6,4383,4438.2,4451,4450.1,4449.4,4456.3,4486.5,4526.1,4564.7,4604,4636,4645,4658.6,4703.3,4750.7,4796.8,4842.5,4874.3,4875.9,4874.7,4872.7,4921.6,5066.8,5231.3,5393.8,5558.1,5671.4,5689.4,5701.1,5717.7,5730.6,5743.6,5755.3,5754.3,5750.4,5750.2,5750.7,5724.1,5657,5586.3,5516.4,5445.9,5404.7,5390.9,5290.6,5129.4,4968.8,4806.7,4657.6,4598.6,4599.5,4600.8,4598.4,4591.7,4586.1,4580.6,4574.3,4571,4572.9,4553,4472.6,4376.5,4281.7,4186.5,3292.1,2457.9
2031.5,2777.7,3522.6,3636.9,3713.4,3726,3725,3724.4,3725.2,3743,3762.6,3781.6,3801.5,3820.1,3821,3807.4,3791.6,3777.6,3763.3,3749.6,3748.6,3750.3,3749.9,3748.9,3771.5,3825.5,3879.9,3934.3,3989.3,4020.5,4030.3,4084.9,4170.6,4256.7,4343,4419.1,4450.1,4450.4,4450,4448.9,4461.7,4484.2,4505.7,4527.4,4550.3,4559.8,4573.3,4624.1,4689,4752,4814.8,4863.8,4876.3,4874.8,4873.6,4898.9,5011.1,5143.6,5273.9,5405.7,5510.5,5529.7,5541.2,5578.6,5625,5669.9,5713.5,5744.5,5751.7,5750.4,5745.7,5698.1,5609.8,5518.2,5427,5340.8,5299.6,5285.2,5189.6,5049,4909.4,4768.3,4640.9,4598.3,4599.6,4599.8,4600.9,4604.4,4608,4611.4,4615.1,4617.3,4618,4598,4516.7,4412,4308.4,4204.2,3300.6,2458.5
2003.5,2745.9,3491.9,3607.9,3690.8,3725.9,3729.4,3725.8,3716,3710.7,3707.9,3704.7,3705.1,3712,3713.2,3707.4,3710.1,3717.9,3725.2,3733.5,3746.3,3750.6,3750.2,3752.4,3763.7,3795.3,3828.6,3861.1,3891.6,3912.2,3922.9,3974.6,4069.3,4178.6,4287.5,4386.1,4442.4,4456,4454.7,4450.4,4447.7,4451.4,4454.6,4458.2,4465.9,4472.6,4486.3,4535.5,4612.4,4692.9,4772.9,4839.4,4870.7,4874,4880.8,4909.8,4989.7,5089.4,5187.8,5278.7,5347.3,5365.8,5381.9,5434.9,5513.5,5593.4,5672.1,5733.5,5760.3,5760.5,5734.2,5661.1,5549.6,5434,5320.2,5231.8,5192.5,5177.3,5109.8,5004.3,4885.6,4765.9,4660.4,4610.9,4598.5,4599.7,4604.9,4617.1,4630.1,4642.9,4655.4,4662.9,4663.9,4644.7,4577.1,4471.7,4357.7,4244.5,3330.8,2465.7
1961.7,2687,3422.6,3528.9,3617.3,3666.1,3676.2,3678.3,3675.7,3666.7,3656.7,3646.5,3633.9,3626.6,3625.5,3631,3646.3,3670,3694.2,3718.2,3736.7,3744.3,3745.4,3752.5,3765.1,3781,3798,3813.2,3821.9,3825.1,3831.6,3875.6,3964.9,4079.5,4194,4301.7,4371.8,4396.2,4400.9,4407.7,4409.5,4410.4,4411.8,4407.6,4401.8,4401.1,4411.6,4453.9,4533,4629.1,4724.6,4810,4863.3,4879.3,4897.2,4940.8,5006.1,5076.2,5146.3,5197.6,5223.4,5227.7,5249.2,5308.8,5389.8,5471.6,5552.9,5612.3,5634.9,5634.8,5607.5,5533.4,5427.8,5319.7,5213.5,5133.9,5101.8,5097,5067.1,4998.6,4900.3,4800.2,4704.5,4636,4605.1,4605.5,4613.9,4630.9,4650.7,4669.9,4687.6,4698.6,4701.3,4690.9,4642.3,4546.7,4426.2,4307,3376.6,2485.3
1923.4,2626.6,3340.4,3424.2,3505.6,3556.4,3566.7,3578.3,3594.2,3606.1,3617.9,3629.3,3628.9,3624.8,3624.3,3625,3635.9,3657.5,3679.6,3702,3723.4,3733.2,3734.4,3745.4,3763.6,3781.5,3800.8,3818,3824.7,3824.8,3823.9,3842.8,3908.4,3999.3,4089.5,4180.6,4252.1,4276,4284.2,4311.5,4336.6,4361.2,4386.6,4402.4,4399.7,4399.1,4399,4422,4498.5,4597.4,4695.6,4794,4868.9,4889.5,4911.9,4967.7,5035.5,5102.3,5170.1,5213.6,5224.3,5222.6,5229.2,5262.7,5295.1,5326.2,5358,5382.5,5381.2,5379.8,5370.5,5325.1,5268,5211.2,5155.4,5108.9,5098.3,5100.5,5091,5035.1,4938.7,4841.5,4743.6,4656.2,4615,4616.1,4626.4,4643.8,4661.4,4678.7,4694.3,4701.5,4701.4,4702.1,4678.1,4590.7,4472.5,4356.7,3415.3,2499.2
1900.7,2582.8,3275.5,3337.6,3400.9,3451.3,3461.6,3473.8,3505.9,3539.3,3572.2,3604.8,3624.9,3625.7,3625,3624,3632.1,3651.8,3671.8,3691.9,3712.8,3723.2,3723.9,3736.8,3758.1,3778.1,3799.6,3819.2,3826.2,3825.1,3825,3828.3,3870.1,3937.8,4005,4072.4,4136.3,4160.9,4168.3,4206.6,4255.4,4303.5,4352.1,4391.9,4401.3,4400.3,4397.8,4413.6,4492.3,4593.2,4693.1,4795.4,4879.4,4899.2,4922.5,4983.9,5049.4,5114.6,5181.2,5222,5225.6,5225.3,5225.5,5216.3,5197.7,5179.4,5161,5142.6,5134.8,5134.4,5127.9,5120.6,5113.9,5105.9,5099.8,5099.7,5100.2,5101.1,5100.4,5048.8,4953.9,4858.4,4762.5,4668.2,4624.6,4625.9,4637.2,4653.3,4668.3,4683.6,4697.2,4701.2,4699.9,4702.3,4690,4605.4,4490.4,4378.1,3435.6,2508
1892.5,2552.9,3224.8,3265.6,3307,3345.8,3356.7,3368.3,3410.3,3465.4,3519.8,3573.9,3615.8,3628.1,3627.2,3627.6,3634.9,3651.9,3669.5,3686.9,3704.1,3712.9,3714,3725.5,3746.8,3768.7,3791.9,3813.3,3823.5,3824,3823.9,3825.6,3845.8,3890.5,3935.1,3979.5,4022.3,4045.7,4053.3,4093,4162.1,4233.6,4305.4,4368.5,4399.6,4401.2,4400.9,4428.7,4509,4611.8,4713.9,4815.6,4889.4,4909.4,4931.4,4984.3,5047.6,5111.5,5176.7,5217.5,5228.3,5229.8,5219.8,5167.8,5098.4,5030.4,4961.4,4903.4,4888.7,4888.9,4887.7,4918.8,4963,5005,5049.6,5094.2,5106.5,5106.7,5094.1,5040.9,4947.5,4852.9,4757.8,4676.4,4635.2,4636.3,4646.3,4659.4,4672.5,4685.8,4697.1,4700.5,4700.8,4701,4677.5,4595.7,4484,4374.2,3433.9,2517.3
1893.9,2536.8,3186.6,3206.8,3224.6,3240.6,3247.2,3262.3,3308.9,3379.9,3453.6,3526.5,3583.9,3610.2,3613.4,3619.8,3631.7,3649.4,3668.1,3685.4,3697.1,3702.6,3703.6,3712.5,3731.4,3756.4,3783.1,3808.6,3825.5,3832.2,3832.4,3835.1,3842.7,3861,3879.8,3898.8,3914.8,3925,3933.9,3975.7,4056.1,4150.4,4244.5,4329.1,4380.4,4392.8,4405.9,4457.3,4546.6,4653.1,4759.1,4850.6,4904.8,4920.2,4935.3,4973.2,5029.1,5087.1,5145.6,5187.4,5207.2,5209.5,5180.7,5100.6,4986.6,4871.1,4755.6,4669.1,4635.1,4633.8,4653.9,4716.2,4804.5,4890.5,4977.6,5044.7,5069.7,5069.3,5046,4990,4906.7,4821.5,4736,4674.8,4646.2,4646.4,4652.7,4661.7,4671.7,4682.2,4691.1,4695.2,4697.6,4688.1,4642.4,4556.1,4449.5,4342.5,3412.9,2519.2
1884.2,2522.7,3161.9,3182.1,3192.1,3195,3195.5,3204.9,3244,3304.7,3367.1,3429.2,3481.8,3504.2,3508.6,3536.5,3573.3,3612,3651.1,3686.8,3697.3,3698.9,3698.4,3702.5,3719.4,3755.5,3793.5,3831.4,3864.9,3885.5,3883.7,3877.6,3874.5,3871.3,3867.9,3867.7,3870.3,3869.7,3872.4,3903.6,3978.5,4073.6,4167.8,4258.8,4321.4,4338.9,4369.9,4456.1,4569.5,4687.3,4806,4890.9,4921.9,4924.9,4929.1,4954.4,4985.2,5012.2,5040.3,5062.7,5064.6,5061.7,5034,4955.4,4846.8,4737.2,4627.1,4545.7,4515.5,4514.6,4535.9,4597.3,4664.4,4727.3,4791.1,4833.6,4835.7,4838.9,4844.3,4818.1,4781.1,4744.8,4701.7,4660.1,4649.8,4650.5,4653.8,4658.9,4663.2,4667.6,4671.7,4672.6,4673.6,4655.9,4591.5,4496,4396.4,4295.2,3378.7,2508.6
1866.3,2505.8,3145.8,3177.7,3196.8,3199.6,3200,3200,3218.4,3256.1,3295.4,3334.5,3373.4,3393.5,3396.7,3434.3,3496.1,3557.2,3618.6,3677.7,3700.8,3700,3699.5,3700.1,3722.1,3769.8,3818.4,3867.1,3914.9,3941.1,3938.4,3926.1,3912.4,3899,3885.8,3875.9,3874.7,3875,3874.1,3885.1,3945.8,4029,4110.7,4193.3,4264.1,4283.1,4317.5,4432.1,4562.1,4690.4,4820.7,4913.1,4926.7,4924.8,4925.1,4933.2,4934.3,4931,4928.3,4924.9,4913.9,4910.6,4883.4,4812.3,4734.3,4657.1,4579.4,4529.9,4524.1,4524.6,4528.5,4549.6,4565.7,4578.8,4592.5,4601.9,4593.8,4596.8,4619.3,4632,4643.7,4655.6,4661.5,4650.8,4649.8,4650,4651.2,4652,4651.4,4650.8,4650.3,4648.1,4648.8,4630.1,4552.9,4456.8,4362.8,4266.4,3355.7,2503.5
1840.9,2481,3121,3163.1,3192.7,3200.2,3200.3,3199,3197.9,3213,3230.3,3247,3265.2,3282.9,3286.4,3324.1,3402.6,3486.6,3570.1,3651.5,3696.5,3701,3699.5,3703.9,3737.5,3796.1,3855.6,3915.5,3970.4,3996.1,3993.7,3979.1,3955.1,3930.6,3906.3,3885.1,3875.2,3874.8,3874.5,3879.7,3929.1,4001.1,4071.8,4142.9,4208.4,4227.7,4262.4,4381,4522.3,4661.6,4802.9,4906.3,4926.9,4925,4923.9,4907.5,4878.1,4844.7,4811.8,4779.9,4763.4,4760.4,4733.4,4684,4637.4,4590.4,4542.8,4523.1,4525.5,4525.6,4520.1,4494.5,4462.3,4427.7,4392.4,4362.9,4353.5,4355.5,4383,4440.3,4500.9,4560.9,4616.1,4648.2,4650.7,4649.8,4649.3,4644.8,4639.3,4633.7,4628.2,4622.9,4623.9,4605,4530.5,4440.4,4351.4,4259.9,3354.3,2504.4
1809.8,2448.1,3089.6,3142.8,3183.4,3202.6,3205.9,3200.9,3187.4,3178.7,3172.6,3165.6,3163.5,3170.3,3174.2,3210.1,3292.5,3399.2,3505.3,3609.2,3678.5,3701.7,3700.4,3717.8,3764.6,3834.3,3905,3975.6,4028.6,4052.2,4049.7,4034.4,4003.4,3967.6,3932.4,3900.3,3880.1,3875.5,3877.1,3890.9,3931.8,3992.1,4051.5,4109.7,4155.2,4171.9,4204.9,4305.3,4451,4603.5,4756.6,4874.1,4925.3,4931.3,4920.9,4882.1,4822,4756.7,4691.7,4636.4,4610.7,4605.7,4589.1,4569.8,4554.9,4539.3,4523.9,4525.4,4529,4529.1,4505.5,4440.8,4358.3,4273.9,4188.6,4127.4,4107.3,4109.7,4148.5,4239.4,4351.4,4462.3,4568.7,4640.3,4660.1,4657.7,4651.9,4640.7,4628.4,4615.8,4604.5,4597.5,4598,4580.8,4524.7,4446.1,4364.2,4279.8,3377.6,2514.4
1777.4,2403.9,3033.7,3084.4,3125.1,3144.9,3148.6,3149.3,3142.6,3129.3,3115.3,3100.6,3085.7,3078.3,3078,3108,3183.3,3302.8,3427.8,3551.1,3645,3693,3701.6,3735.7,3798.6,3879,3960.2,4036.3,4081.6,4099,4096.1,4080.7,4048.4,4001.9,3955.5,3911.9,3880.6,3865.8,3874,3901.8,3946.2,3998.6,4051.3,4095,4119.4,4125.3,4145,4220.6,4350.4,4499.8,4648.8,4776,4847.9,4866.3,4851,4807.7,4736.3,4658.3,4580.1,4516,4481.8,4476,4478.7,4484.7,4488.8,4490,4490.9,4490,4485.4,4479.6,4440.8,4357.9,4243.4,4127.6,4014.5,3937.5,3904.1,3907.1,3955.4,4057.9,4188.1,4318.2,4443.3,4524.2,4550.3,4557.6,4571.7,4579.1,4584.4,4590.2,4587.2,4577.8,4576.3,4568.2,4535,4466.1,4367.2,4268,3360.6,2478.9
1757.4,2363.3,2969.1,2995.7,3020.1,3028.7,3028.6,3039.8,3053,3061.8,3071,3080,3077.9,3073.9,3072.9,3080.7,3136.8,3255.1,3379.3,3503.6,3618.8,3685,3695,3743.1,3822,3904.9,3987.7,4064.7,4097.6,4100.7,4099.8,4094.3,4065.2,4015.1,3965.2,3915.4,3870.8,3848.9,3860.6,3902,3955.6,4010.7,4066.6,4109.9,4123.6,4124.2,4126.1,4168.2,4270.9,4394.7,4517,4636.7,4716.2,4735.5,4724,4687.9,4636.7,4584.8,4532.6,4490.2,4474.4,4473.5,4475.1,4477.4,4465.4,4449.2,4433.4,4415.9,4398.2,4391.2,4346.9,4258.5,4158.7,4059.5,3963.3,3908.7,3898.1,3897.5,3917.3,3985.8,4073.3,4160.3,4248.7,4315.4,4332.3,4345.4,4396.6,4445.7,4494,4543.9,4578.6,4575.6,4575,4575.3,4560,4468.7,4327.4,4188.2,3272.9,2373.3
1740.8,2323.2,2906,2908.9,2911.4,2913.1,2913.6,2926.3,2957.7,2989.6,3022.1,3054.2,3073.7,3074.7,3074.8,3073.7,3122.2,3239.9,3362.8,3484.9,3607.8,3680.6,3689.3,3741.3,3826.2,3909.6,3993.3,4071.8,4102,4100.2,4100.3,4099.4,4068.7,4015.5,3962.4,3909,3857,3833.7,3844.8,3893.4,3952.5,4010.4,4069.4,4116.6,4126.1,4125,4123.4,4139.2,4216.4,4315.1,4411.9,4510,4590.8,4610.7,4598.5,4572.7,4546,4519.4,4492.3,4475.8,4475,4474.6,4474.9,4464,4433.9,4400.5,4367.6,4334.1,4312.2,4306.5,4259.7,4178.1,4096.2,4014,3934.8,3900,3899.9,3899.7,3900.2,3926.6,3971.6,4016.3,4061.2,4105.3,4121.9,4133.1,4203.1,4294.8,4385,4477,4555.9,4576.1,4574.8,4578,4559.2,4428.1,4247.5,4069.6,3151.5,2255.3
1724,2282.9,2842.7,2822.2,2802.9,2797.6,2798.4,2811.2,2854.2,2909.3,2964.8,3020.2,3062.7,3075,3074.6,3083.2,3137.2,3252.7,3374.5,3496,3608.1,3674.3,3684.8,3731.3,3810.6,3895.3,3980.2,4059.4,4096.3,4101.7,4102,4094.6,4059.7,4003.4,3946.8,3889.9,3841.2,3818.9,3829.9,3875,3935,3996.1,4058.3,4108.5,4124.8,4125.9,4125.8,4133.7,4184.4,4257.8,4329.3,4401,4464.4,4486,4474.5,4465.8,4464.4,4463,4460.8,4468.6,4475.9,4476,4471.2,4443.7,4396,4345.3,4294.8,4249.1,4226.7,4220.8,4180.3,4118.6,4054,3988.9,3927.5,3903.7,3900.5,3900.9,3891.4,3877.6,3879.8,3882.5,3884.6,3896.7,3911.4,3922.8,3995.4,4122.6,4255.9,4390.4,4512.1,4572.2,4578.3,4578.5,4519,4347.2,4127,3909.1,2993,2136.9
1705.1,2242.8,2778.1,2733.9,2697.7,2680.2,2677.8,2694.9,2743.4,2817.4,2897.3,2976.8,3039.4,3069.5,3075.9,3106.6,3178.7,3293.2,3414.2,3532.9,3621.5,3668.7,3678.9,3712.9,3777.7,3861.3,3946.2,4026,4075.6,4095.9,4095.1,4075.9,4034.5,3976.3,3917,3860.2,3821.2,3803.2,3812.4,3847.4,3902.6,3966.5,4031,4085.1,4114,4122.2,4126.6,4141.5,4174.4,4221.8,4268.3,4309.8,4340.9,4354.5,4352.9,4362.8,4384,4408.1,4431.5,4455.7,4469.5,4472.1,4455.4,4412.5,4347.8,4280.1,4213,4162.1,4138.3,4132.5,4111.5,4076,4029.7,3981.6,3937.3,3911,3899,3896,3876.9,3837.9,3796.3,3755.6,3716.6,3695.1,3691.8,3705.1,3780.9,3925,4100.2,4276.4,4438.5,4536.9,4569.5,4544.5,4429.4,4214.8,3955.8,3697.6,2808.6,2010.3
1661.7,2188.1,2712.1,2674.8,2641.4,2622.9,2620.1,2631.6,2673.6,2751.2,2838.9,2926.2,3001.6,3045.5,3058.5,3113.9,3215.1,3338.7,3463,3582.8,3650,3672.3,3672.7,3689.7,3736.1,3797.3,3859,3920.7,3965.6,3981.7,3983.4,3974.9,3945.5,3908.6,3871.3,3833.6,3805.7,3797.9,3800.4,3822.4,3862.7,3909.4,3956.7,4001.2,4025.9,4030.6,4049.1,4090.6,4141.2,4193.9,4248.2,4282.2,4293.1,4294.6,4298.1,4312.7,4331.4,4350.8,4370.3,4386,4390.8,4391.1,4375.1,4333,4274.3,4215,4156.5,4113.5,4096.9,4097,4092.7,4071.2,4018.2,3960.6,3903.5,3851.3,3815.8,3809.9,3796.2,3761.2,3716.7,3672.8,3631.1,3601.4,3591.6,3595.1,3651.7,3773,3919.3,4066.3,4209.2,4298.7,4325.8,4295.6,4172.5,3962.2,3734,3505.3,2670.6,1929
1610.2,2134.5,2659.5,2644.8,2631.3,2624.3,2625.1,2626,2653.7,2726.1,2808.2,2889.1,2969.3,3021.9,3033.1,3101.7,3227.4,3357.1,3486.5,3613,3672.3,3675.7,3674.3,3677.6,3699.8,3733.4,3767.9,3803.5,3835.2,3848.3,3850.9,3852.1,3843.2,3833.2,3822.9,3811.7,3801,3799.8,3798.8,3807.1,3826.3,3851.3,3876.6,3902.9,3919.6,3923.1,3944.8,4012.3,4087.2,4162.3,4239.6,4293,4300.2,4300.4,4300.1,4303.6,4303,4302.6,4302,4301.7,4298,4297.9,4283.1,4246.9,4206.4,4166.7,4127.3,4102.5,4099.1,4100.4,4102.5,4074.5,3999.5,3921,3842.8,3763,3712.8,3707.4,3699,3677.6,3655,3633.2,3613.5,3600.6,3599.6,3597.5,3616.5,3683.7,3771.4,3858.9,3948.6,4017.2,4040,4010.7,3888.3,3718.5,3550.8,3380.8,2602.5,1917.4
1557.1,2082.7,2607.7,2614,2622.7,2625.7,2625.3,2625.7,2649,2716.7,2793.7,2869.5,2945.2,2997.2,3008,3076.3,3207,3342.3,3477.2,3608.6,3673.3,3676.5,3675.4,3671.8,3668.4,3675.9,3684.4,3693.2,3705.5,3718.3,3720.4,3725.5,3740.8,3756.8,3772.4,3787.8,3799.1,3799.7,3799.1,3795.2,3792.6,3796.7,3801.1,3805.9,3813.8,3818.1,3838.9,3916,4012.8,4108.9,4207.2,4282.4,4301,4300.3,4299.9,4289.3,4270.7,4252.3,4233.7,4215.6,4208,4207.8,4192.9,4169.7,4148.2,4126.5,4105.4,4098.8,4100.3,4101.1,4099.9,4051.9,3956.6,3858,3759.4,3662.9,3612.6,3607.1,3601.3,3598.7,3596.6,3594.9,3595.7,3600.1,3600.5,3600.4,3593.3,3602.9,3634.7,3666,3697.3,3735.9,3760.2,3728.4,3622.3,3509.2,3397.7,3283.7,2563.8,1918.4
1220.7,1641.2,2061.2,2078.7,2096.5,2100.6,2100.3,2101.1,2117.3,2167,2225.8,2283.7,2340.9,2381.9,2393.6,2452.3,2558.3,2669.8,2780.8,2887.4,2937.8,2941.8,2940.5,2937.5,2923.1,2913.2,2904.6,2896.1,2890.5,2896.8,2898.6,2911.6,2939.4,2967.7,2995.8,3024,3039.5,3039.8,3039.4,3034.1,3020.1,3011.1,3002.3,2993.7,2989.7,2992.2,3012.6,3083.9,3174.1,3263.5,3355,3423.5,3441.2,3440.1,3440.1,3427.2,3401.6,3376,3350.5,3324.9,3312.4,3311.5,3301.5,3293.9,3287.5,3280.9,3275.5,3279.2,3280.3,3281.1,3279.2,3235.6,3148.1,3057.4,2966.6,2878.7,2832,2826.4,2828,2838.1,2848.1,2858.4,2871.5,2880.6,2880.5,2880.8,2872.2,2849.5,2841.1,2832.9,2824.3,2824.9,2841.7,2812.6,2752.4,2696,2640,2582,2043.4,1535.7
891.12,1206.6,1521.6,1550,1571.7,1575.6,1575.3,1576.1,1592.9,1629.6,1670.1,1710.1,1749.4,1772.4,1777.1,1814.7,1896,1983.4,2069.9,2154.4,2202.3,2206.8,2205.5,2202.5,2186.2,2161.4,2136.9,2112.3,2090.6,2082.4,2085.5,2109.3,2148.4,2187.7,2227.2,2263.9,2279.6,2279.7,2279.4,2274.7,2255.8,2234.2,2213.1,2192.2,2175.4,2170.9,2186.9,2250.5,2333,2414.5,2497.9,2563.6,2581.2,2580.1,2580.1,2568,2538.5,2506.5,2474.7,2442.9,2423.5,2420.4,2422.2,2429.3,2437.1,2444.8,2453.4,2459.6,2460.3,2461.1,2458.4,2415.2,2335,2252.9,2170.8,2092.2,2053.6,2051.3,2063.8,2085.4,2106.8,2128.7,2151.2,2160.7,2160.5,2160.7,2153.7,2119,2073.4,2028.4,1983,1945.3,1935.4,1931.4,1926.7,1923.3,1920.1,1916.7,1534.2,1151.8
