20.9661,25.6377,30.6561,35.8428,40.97595,45.8235,50.1585,53.78715,56.5845,58.497,59.5578,59.87145,59.60115,58.92795,58.0329,57.06135,56.10255,55.18455,54.2793,53.31285,52.1985,50.8419,49.18695,47.20815,44.93355,42.4269,39.7902,37.1433,34.6035,32.28045,30.25065,28.56765,27.2493,26.2803,25.6275,25.23735,25.0461,24.99,25.00785,25.0563,25.09965,25.13025,25.15575,25.20675,25.3164,25.5255,25.857,26.30835,26.8464,27.4074,27.8919,28.1877,28.18005,27.7695,26.89485,25.53825,23.72775,21.5373,19.0791,16.4781,0,0,0,0,0,0,0,0,0,0,0,0,0,0,0,0,0,0,0,0,0,0,0,0,0,0,0,0,0,0,0,0,0,0,0,0,0,0,0,0
23.7609,28.90935,34.44285,40.17525,45.8745,51.29835,56.2071,60.4044,63.75765,66.21075,67.7994,68.6358,68.8806,68.73015,68.3604,67.9167,67.47045,67.0395,66.5652,65.9481,65.0709,63.82395,62.13075,59.9709,57.37755,54.44505,51.30345,48.11085,45.0228,42.1821,39.70095,37.6431,36.03915,34.8789,34.1139,33.67275,33.4764,33.4254,33.43815,33.43305,33.36165,33.1908,32.92305,32.5839,32.2167,31.8801,31.6149,31.4517,31.3752,31.3446,31.2783,31.0743,30.62295,29.82735,28.61865,26.9739,24.9186,22.51905,19.87725,17.12325,0,0,0,0,0,0,0,0,0,0,0,0,0,0,0,0,0,0,0,0,0,0,0,0,0,0,0,0,0,0,0,0,0,0,0,0,0,0,0,0
26.88465,32.5227,38.57895,44.8647,51.14535,57.171,62.6943,67.51125,71.4816,74.5518,76.755,78.20085,79.0602,79.5243,79.77675,79.95015,80.1108,80.25105,80.28675,80.0955,79.5243,78.4431,76.75755,74.44725,71.553,68.1921,64.5354,60.77415,57.1149,53.7387,50.78325,48.3429,46.4559,45.1146,44.2578,43.7988,43.6254,43.6101,43.63305,43.5846,43.37805,42.95985,42.31725,41.47575,40.4889,39.4281,38.3724,37.37535,36.465,35.6286,34.81005,33.9252,32.8797,31.57665,29.94975,27.9684,25.64535,23.0418,20.247,17.37825,0,0,0,0,0,0,0,0,0,0,0,0,0,0,0,0,0,0,0,0,0,0,0,0,0,0,0,0,0,0,0,0,0,0,0,0,0,0,0,0
30.44445,36.58485,43.1817,50.0361,56.9211,63.57405,69.7476,75.23265,79.87875,83.62725,86.50875,88.6278,90.16035,91.29765,92.2182,93.05205,93.8553,94.60245,95.1915,95.4618,95.2374,94.35765,92.718,90.2853,87.1182,83.35185,79.19025,74.8731,70.64775,66.73605,63.3165,60.50895,58.3644,56.87265,55.96485,55.53135,55.4268,55.49055,55.5594,55.48035,55.13355,54.4323,53.34855,51.90015,50.1534,48.2052,46.1652,44.12775,42.1668,40.30785,38.5356,36.78885,34.9911,33.06075,30.92385,28.54725,25.9335,23.12595,20.19855,17.25585,0,0,0,0,0,0,0,0,0,0,0,0,0,0,0,0,0,0,0,0,0,0,0,0,0,0,0,0,0,0,0,0,0,0,0,0,0,0,0,0
34.5423,41.21565,48.37605,55.8297,63.34455,70.6605,77.52255,83.7165,89.0817,93.55185,97.1448,99.9651,102.1836,103.989,105.56235,107.03115,108.44895,109.77495,110.8893,111.60585,111.72315,111.0576,109.48425,106.95975,103.5504,99.4143,94.7886,89.9538,85.2006,80.7942,76.95645,73.82505,71.4714,69.88275,68.9826,68.63325,68.65875,68.85765,69.01575,68.93925,68.4573,67.45515,65.8818,63.74745,61.13115,58.1502,54.9576,51.6987,48.4908,45.4155,42.4983,39.72135,37.026,34.3434,31.6098,28.78185,25.8468,22.83015,19.788,16.79685,0,0,0,0,0,0,0,0,0,0,0,0,0,0,0,0,0,0,0,0,0,0,0,0,0,0,0,0,0,0,0,0,0,0,0,0,0,0,0,0
39.28275,46.52985,54.29205,62.38065,70.5585,78.57315,86.1594,93.0954,99.20775,104.41485,108.7218,112.22295,115.0815,117.4887,119.62815,121.63245,123.5526,125.35035,126.888,127.97175,128.37465,127.89015,126.37035,123.7719,120.1611,115.70625,110.6802,105.39405,100.18695,95.3649,91.18035,87.8016,85.3128,83.7063,82.88775,82.69905,82.926,83.3238,83.6298,83.5941,83.0076,81.7122,79.6263,76.7601,73.1952,69.0846,64.617,59.9913,55.386,50.9388,46.72875,42.7737,39.0558,35.5215,32.1096,28.7691,25.4796,22.24365,19.0944,16.07775,0,0,0,0,0,0,0,0,0,0,0,0,0,0,0,0,0,0,0,0,0,0,0,0,0,0,0,0,0,0,0,0,0,0,0,0,0,0,0,0
44.73465,52.60905,61.0215,69.78585,78.6726,87.42165,95.7678,103.46625,110.3334,116.2647,121.2474,125.3631,128.7597,131.6361,134.17845,136.5321,138.76335,140.8365,142.62405,143.91945,144.48555,144.09795,142.59345,139.9185,136.13175,131.4219,126.07455,120.4365,114.8826,109.752,105.32775,101.80875,99.2868,97.7517,97.104,97.1601,97.66755,98.33565,98.85075,98.91705,98.26425,96.70365,94.1205,90.51735,85.98345,80.69475,74.89095,68.8194,62.72745,56.8089,51.20145,45.97395,41.14425,36.6741,32.52015,28.6263,24.95175,21.4812,18.21975,15.1878,0,0,0,0,0,0,0,0,0,0,0,0,0,0,0,0,0,0,0,0,0,0,0,0,0,0,0,0,0,0,0,0,0,0,0,0,0,0,0,0
50.91075,59.4762,68.59755,78.09375,87.7353,97.25955,106.386,114.8622,122.4714,129.08865,134.67315,139.28355,143.0652,146.2119,148.9251,151.37055,153.6375,155.7183,157.4982,158.78085,159.324,158.8956,157.3248,154.5402,150.60045,145.69425,140.11995,134.2473,128.4741,123.17265,118.6464,115.1121,112.67175,111.3177,110.93775,111.32025,112.1847,113.1945,113.98755,114.2145,113.55915,111.78435,108.75495,104.4531,98.9808,92.5395,85.40715,77.8923,70.29585,62.88045,55.84245,49.3017,43.31175,37.87005,32.9358,28.4529,24.37035,20.6499,17.2686,14.2188,0,0,0,0,0,0,0,0,0,0,0,0,0,0,0,0,0,0,0,0,0,0,0,0,0,0,0,0,0,0,0,0,0,0,0,0,0,0,0,0
57.7626,67.0854,76.97685,87.261,97.7058,108.0384,117.9681,127.21695,135.54015,142.77705,148.85625,153.81345,157.7787,160.9509,163.54935,165.76785,167.74155,169.49085,170.9418,171.921,172.19895,171.54615,169.78155,166.8261,162.73335,157.6818,151.97745,145.9977,140.1531,134.8287,130.34835,126.939,124.7103,123.64695,123.62655,124.4196,125.7099,127.1226,128.25225,128.70105,128.1069,126.1944,122.80035,117.8916,111.5727,104.07315,95.7015,86.81985,77.78775,68.9316,60.5013,52.67535,45.543,39.12975,33.40755,28.32795,23.8272,19.8441,16.33275,13.25745,0,0,0,0,0,0,0,0,0,0,0,0,0,0,0,0,0,0,0,0,0,0,0,0,0,0,0,0,0,0,0,0,0,0,0,0,0,0,0,0
65.14485,75.28875,86.01405,97.14225,108.43365,119.60775,130.35345,140.3622,149.3535,157.1259,163.5723,168.70035,172.62225,175.54455,177.71205,179.3568,180.65985,181.70535,182.4678,182.8095,182.53665,181.42995,179.3109,176.09535,171.82155,166.66545,160.9152,154.95075,149.17755,143.9883,139.7094,136.5678,134.6706,134.0025,134.4258,135.6906,137.4603,139.3218,140.83905,141.56325,141.1017,139.1382,135.48405,130.09845,123.08085,114.67605,105.23085,95.1456,84.8334,74.67165,64.97145,55.95465,47.75385,40.42005,33.9507,28.29225,23.3784,19.13265,15.4836,12.3726,0,0,0,0,0,0,0,0,0,0,0,0,0,0,0,0,0,0,0,0,0,0,0,0,0,0,0,0,0,0,0,0,0,0,0,0,0,0,0,0
72.828,83.8491,95.4618,107.47995,119.6562,131.6973,143.26155,154.0047,163.61055,171.82665,178.50255,183.6153,187.26435,189.66135,191.0715,191.78805,192.04815,192.00735,191.70135,191.0613,189.9291,188.11605,185.45895,181.866,177.3678,172.11735,166.3926,160.548,154.9839,150.07515,146.13795,143.3916,141.9381,141.75195,142.68015,144.4626,146.7372,149.073,150.99825,152.03865,151.7709,149.8482,146.06145,140.35455,132.82695,123.73365,113.44185,102.38505,91.02225,79.77165,68.99025,58.94835,49.81425,41.66955,34.52445,28.3407,23.04435,18.5487,14.7645,11.60505,0,0,0,0,0,0,0,0,0,0,0,0,0,0,0,0,0,0,0,0,0,0,0,0,0,0,0,0,0,0,0,0,0,0,0,0,0,0,0,0
80.5035,92.4375,104.97585,117.91965,131.0088,143.92455,156.2997,167.7492,177.90585,186.46875,193.24155,198.1656,201.3276,202.93665,203.30385,202.76325,201.6336,200.14695,198.4257,196.4673,194.1774,191.4081,188.0166,183.9162,179.1222,173.77485,168.1164,162.4809,157.23045,152.72205,149.24385,146.99985,146.07675,146.4312,147.9,150.21285,152.9949,155.79735,158.13315,159.51015,159.47955,157.68435,153.8925,148.03515,140.21175,130.67985,119.8143,108.0792,95.94885,83.8848,72.27975,61.43715,51.55845,42.7533,35.05485,28.4274,22.80465,18.0897,14.1831,10.9803,0,0,0,0,0,0,0,0,0,0,0,0,0,0,0,0,0,0,0,0,0,0,0,0,0,0,0,0,0,0,0,0,0,0,0,0,0,0,0,0
87.80925,100.6689,114.14565,128.02785,142.03755,155.82795,168.99615,181.11375,191.75745,200.57535,207.3252,211.9101,214.3989,215.01345,214.0929,212.03505,209.2326,206.00685,202.56945,199.0071,195.2994,191.3469,187.03485,182.2944,177.13065,171.6558,166.0866,160.70865,155.8509,151.827,148.8945,147.2268,146.88255,147.80565,149.8227,152.65065,155.907,159.1404,161.8587,163.5621,163.7967,162.19275,158.51055,152.67615,144.77625,135.0684,123.93255,111.8328,99.26385,86.7051,74.5722,63.1941,52.8054,43.53615,35.43225,28.48095,22.61085,17.73015,13.72665,10.48815,0,0,0,0,0,0,0,0,0,0,0,0,0,0,0,0,0,0,0,0,0,0,0,0,0,0,0,0,0,0,0,0,0,0,0,0,0,0,0,0
94.36785,108.1302,122.53005,137.34045,152.25795,166.9026,180.83325,193.56795,204.6375,213.63135,220.2588,224.38725,226.0728,225.5424,223.1709,219.4122,214.73805,209.56665,204.204,198.83115,193.5042,188.18745,182.8095,177.3117,171.69915,166.05855,160.57095,155.4735,151.04925,147.5583,145.21485,144.15405,144.4065,145.8957,148.43295,151.72755,155.39955,159.00015,162.04485,164.03895,164.53365,163.16175,159.6861,154.02255,146.25525,136.629,125.5161,113.37555,100.70715,87.98775,75.6483,64.03305,53.3919,43.87785,35.5521,28.41465,22.4043,17.4267,13.3722,10.1184,0,0,0,0,0,0,0,0,0,0,0,0,0,0,0,0,0,0,0,0,0,0,0,0,0,0,0,0,0,0,0,0,0,0,0,0,0,0,0,0
99.8172,114.4287,129.71085,145.40865,161.1957,176.6538,191.2959,204.59415,216.0258,225.1242,231.5553,235.1508,235.95405,234.2022,230.2956,224.75445,218.12445,210.90795,203.5155,196.2174,189.159,182.36835,175.8225,169.48575,163.3581,157.51095,152.07945,147.25995,143.2692,140.31885,138.5721,138.1131,138.9444,140.96145,143.96025,147.64755,151.65105,155.53215,158.82165,161.04525,161.76945,160.6449,157.437,152.06415,144.6054,135.2877,124.4706,112.59525,100.14615,87.59505,75.3678,63.8163,53.19555,43.6713,35.3226,28.1571,22.1238,17.136,13.08405,9.8481,0,0,0,0,0,0,0,0,0,0,0,0,0,0,0,0,0,0,0,0,0,0,0,0,0,0,0,0,0,0,0,0,0,0,0,0,0,0,0,0
103.87425,119.2482,135.3336,151.8525,168.44535,184.65315,199.9455,213.741,225.4659,234.60765,240.78885,243.81315,243.71115,240.72765,235.29615,227.98785,219.4173,210.17355,200.75895,191.53305,182.72535,174.4353,166.68585,159.46935,152.78835,146.6964,141.29295,136.7208,133.1406,130.70535,129.52215,129.62925,130.98585,133.46445,136.8483,140.83905,145.0695,149.12655,152.5614,154.9329,155.83305,154.93545,152.02335,147.02025,140.0001,131.1771,120.8853,109.54035,97.60125,85.5168,73.70265,62.49795,52.16025,42.86295,34.68765,27.6573,21.72855,16.8249,12.8418,9.6645,0,0,0,0,0,0,0,0,0,0,0,0,0,0,0,0,0,0,0,0,0,0,0,0,0,0,0,0,0,0,0,0,0,0,0,0,0,0,0,0
106.35795,122.38215,139.17135,156.41955,173.7264,190.59975,206.45565,220.6719,232.61865,241.7451,247.6407,250.0836,249.09675,244.93515,238.06545,229.09455,218.7033,207.55725,196.23525,185.1861,174.7107,164.97735,156.06,147.9765,140.7396,134.38245,128.9739,124.61085,121.39785,119.4267,118.74585,119.35275,121.16325,124.0167,127.6887,131.87835,136.2312,140.34945,143.8251,146.24505,147.24465,146.53065,143.90925,139.31415,132.8193,124.6185,115.0254,104.41995,93.22545,81.8652,70.72425,60.12135,50.30895,41.4528,33.6447,26.9076,21.21345,16.49085,12.64545,9.56505,0,0,0,0,0,0,0,0,0,0,0,0,0,0,0,0,0,0,0,0,0,0,0,0,0,0,0,0,0,0,0,0,0,0,0,0,0,0,0,0
107.2224,123.76935,141.13995,159.0027,176.919,194.3508,210.6759,225.21345,237.30555,246.3606,251.93745,253.8117,251.99355,246.7533,238.58055,228.12555,216.1176,203.2809,190.2657,177.58455,165.6123,154.57335,144.58755,135.70335,127.94115,121.32645,115.8924,111.69765,108.79575,107.21985,106.96995,107.9925,110.16255,113.3016,117.15975,121.4412,125.80425,129.8766,133.28085,135.65235,136.6698,136.0731,133.70415,129.51705,123.58065,116.0811,107.2989,97.5834,87.31455,76.87485,66.6111,56.8242,47.7411,39.5199,32.2473,25.95135,20.60655,16.1517,12.50775,9.5676,0,0,0,0,0,0,0,0,0,0,0,0,0,0,0,0,0,0,0,0,0,0,0,0,0,0,0,0,0,0,0,0,0,0,0,0,0,0,0,0
106.5645,123.49905,141.32355,159.6759,178.0818,195.95475,212.6292,227.3886,239.53425,248.4516,253.6842,255,252.4194,246.22545,236.92815,225.20835,211.8387,197.58675,183.1512,169.1058,155.87385,143.7333,132.8397,123.2721,115.056,108.2118,102.7497,98.6901,96.04065,94.79115,94.88805,96.23445,98.67225,101.99745,105.94485,110.21865,114.4899,118.4118,121.64775,123.87645,124.81995,124.26915,122.0991,118.2843,112.9038,106.131,98.21835,89.47695,80.2485,70.8645,61.63605,52.82325,44.6301,37.19685,30.6,24.8625,19.96905,15.86355,12.4695,9.7053,0,0,0,0,0,0,0,0,0,0,0,0,0,0,0,0,0,0,0,0,0,0,0,0,0,0,0,0,0,0,0,0,0,0,0,0,0,0,0,0
104.60865,121.8033,139.95675,158.67375,177.4392,195.6309,212.5323,227.39625,239.496,248.2017,253.05435,253.82445,250.5477,243.525,233.2893,220.54695,206.09355,190.73235,175.1952,160.089,145.8804,132.88305,121.28565,111.18765,102.6222,95.6046,90.12975,86.1849,83.742,82.7475,83.1096,84.69315,87.30945,90.72645,94.67385,98.85075,102.94095,106.6308,109.61175,111.61095,112.404,111.8226,109.78515,106.2942,101.43135,95.36745,88.332,80.6004,72.4659,64.21665,56.1153,48.38625,41.19525,34.66215,28.8456,23.76345,19.39275,15.6927,12.5919,10.02405,0,0,0,0,0,0,0,0,0,0,0,0,0,0,0,0,0,0,0,0,0,0,0,0,0,0,0,0,0,0,0,0,0,0,0,0,0,0,0,0
101.67615,119.0187,137.38635,156.3507,175.3584,193.7388,210.74475,225.5934,237.54015,245.9526,250.37685,250.60125,246.68445,238.94775,227.9496,214.4142,199.155,182.988,166.668,150.8223,135.93795,122.3541,110.2773,99.8223,91.03755,83.92305,78.4686,74.63595,72.3639,71.57085,72.12675,73.8684,76.57905,80.01135,83.88225,87.89085,91.73625,95.12265,97.78485,99.4908,100.062,99.38625,97.41255,94.1766,89.77785,84.37695,78.1881,71.451,64.41555,57.32655,50.3982,43.80645,37.6839,32.11725,27.14475,22.7766,18.9822,15.72075,12.93615,10.56975,0,0,0,0,0,0,0,0,0,0,0,0,0,0,0,0,0,0,0,0,0,0,0,0,0,0,0,0,0,0,0,0,0,0,0,0,0,0,0,0
98.1444,115.54815,134.03565,153.1428,172.28055,190.7349,207.723,222.4365,234.12315,242.15055,246.08775,245.75115,241.22745,232.86855,221.25585,207.1314,191.3112,174.62655,157.8246,141.5454,126.27855,112.3734,100.0518,89.43105,80.56215,73.4502,68.0646,64.35435,62.23785,61.6029,62.29905,64.13505,66.8763,70.2576,73.99335,77.7801,81.3297,84.37185,86.6694,88.03365,88.3371,87.5058,85.5372,82.48995,78.48645,73.6848,68.28135,62.4903,56.52075,50.56905,44.80605,39.3618,34.3281,29.7534,25.6581,22.02945,18.83175,16.02165,13.5558,11.38575,0,0,0,0,0,0,0,0,0,0,0,0,0,0,0,0,0,0,0,0,0,0,0,0,0,0,0,0,0,0,0,0,0,0,0,0,0,0,0,0
94.39845,111.79965,130.3305,149.4963,168.6672,187.08585,203.94135,218.40495,229.72185,237.27495,240.66135,239.73315,234.6153,225.7005,213.588,199.0377,182.8707,165.9081,148.8945,132.45465,117.0756,103.09905,90.75195,80.14905,71.3439,64.33395,59.08095,55.5186,53.5551,53.05785,53.85345,55.74045,58.46385,61.75335,65.3106,68.84235,72.0681,74.73795,76.6479,77.64495,77.6424,76.61475,74.5977,71.6805,67.9983,63.71685,59.02485,54.10335,49.1334,44.268,39.627,35.2971,31.33185,27.74145,24.5157,21.6189,19.0128,16.6464,14.484,12.49245,0,0,0,0,0,0,0,0,0,0,0,0,0,0,0,0,0,0,0,0,0,0,0,0,0,0,0,0,0,0,0,0,0,0,0,0,0,0,0,0
90.77235,108.12765,126.64575,145.7988,164.9136,183.2022,199.82055,213.92715,224.7723,231.76185,234.53115,232.9731,227.26365,217.82865,205.3056,190.45695,174.11145,157.0698,140.06385,123.69795,108.43875,94.61775,82.44405,72.03495,63.43125,56.6253,51.5763,48.2052,46.40745,46.04025,46.92,48.8274,51.50745,54.67455,58.03545,61.29435,64.18605,66.4785,67.99065,68.6103,68.2839,67.0293,64.9179,62.0721,58.64235,54.80205,50.7297,46.5885,42.5289,38.66055,35.0676,31.7934,28.8405,26.1885,23.79405,21.6036,19.5585,17.6103,15.72075,13.8771,0,0,0,0,0,0,0,0,0,0,0,0,0,0,0,0,0,0,0,0,0,0,0,0,0,0,0,0,0,0,0,0,0,0,0,0,0,0,0,0
87.51345,104.7948,123.25425,142.3257,161.30535,179.36955,195.65385,209.30655,219.5907,225.93765,228.02355,225.8025,219.4938,209.57175,196.6968,181.6518,165.2553,148.2978,131.48055,115.37985,100.4394,86.96265,75.14085,65.07855,56.80635,50.3115,45.5379,42.4065,40.80255,40.5756,41.53695,43.45965,46.08615,49.12575,52.28265,55.27125,57.83145,59.7516,60.87105,61.11075,60.4554,58.95345,56.712,53.8815,50.6328,47.1495,43.5999,40.137,36.8781,33.90735,31.263,28.95015,26.93055,25.14555,23.52375,21.98355,20.451,18.87765,17.22525,15.4938,0,0,0,0,0,0,0,0,0,0,0,0,0,0,0,0,0,0,0,0,0,0,0,0,0,0,0,0,0,0,0,0,0,0,0,0,0,0,0,0
84.762,101.9388,120.28605,139.2096,157.9674,175.71795,191.5713,204.6783,214.3173,219.95535,221.31705,218.4075,211.50465,201.1236,187.95795,172.7982,156.4629,139.7196,123.2364,107.5641,93.10305,80.1312,68.8143,59.23905,51.41565,45.32625,40.90455,38.06895,36.6945,36.6333,37.69155,39.63975,42.2178,45.13755,48.1032,50.83425,53.0808,54.63885,55.38345,55.2483,54.25635,52.4892,50.0871,47.2209,44.0844,40.86885,37.74,34.8432,32.27025,30.0747,28.26165,26.7954,25.6071,24.5973,23.664,22.7001,21.624,20.37195,18.91335,17.2584,0,0,0,0,0,0,0,0,0,0,0,0,0,0,0,0,0,0,0,0,0,0,0,0,0,0,0,0,0,0,0,0,0,0,0,0,0,0,0,0
82.53585,99.5622,117.73095,136.4199,154.8615,172.19385,187.51935,199.99395,208.91895,213.79965,214.41165,210.8136,203.33955,192.54795,179.1579,163.97265,147.80055,131.38875,115.3722,100.2609,86.42205,74.0928,63.41595,54.4425,47.17755,41.58285,37.58955,35.1033,34.00425,34.14195,35.3226,37.3218,39.87435,42.6972,45.49455,47.991,49.9443,51.1683,51.54825,51.051,49.7199,47.67225,45.07125,42.11835,39.02265,35.98305,33.17295,30.71985,28.7028,27.1524,26.03805,25.29345,24.8115,24.46725,24.123,23.6538,22.9602,21.97335,20.6652,19.0536,0,0,0,0,0,0,0,0,0,0,0,0,0,0,0,0,0,0,0,0,0,0,0,0,0,0,0,0,0,0,0,0,0,0,0,0,0,0,0,0
80.7381,97.5477,115.4436,133.7883,151.79895,168.5958,183.28635,195.04185,203.1942,207.2895,207.15435,202.90095,194.9118,183.78615,170.26605,155.15985,139.2657,123.30525,107.88285,93.46005,80.3658,68.80155,58.8744,50.61495,44.00025,38.98185,35.4807,33.405,32.63235,33.00975,34.35105,36.4293,38.9895,41.74605,44.40825,46.70325,48.3939,49.30425,49.33995,48.4857,46.8129,44.46435,41.62875,38.53305,35.4042,32.4513,29.84775,27.71595,26.1222,25.07415,24.5157,24.34995,24.44175,24.63555,24.77325,24.7044,24.3168,23.5365,22.338,20.7417,0,0,0,0,0,0,0,0,0,0,0,0,0,0,0,0,0,0,0,0,0,0,0,0,0,0,0,0,0,0,0,0,0,0,0,0,0,0,0,0
79.1928,95.68365,113.1843,131.04705,148.47885,164.6076,178.551,189.5058,196.83705,200.1393,199.2927,194.4528,186.048,174.70305,161.1804,146.2884,130.8099,115.4334,100.7301,87.12075,74.8884,64.20135,55.1259,47.66715,41.7843,37.4136,34.4709,32.85675,32.4513,33.11175,34.6545,36.85515,39.46125,42.18975,44.75505,46.8792,48.34035,48.9651,48.6744,47.4708,45.4512,42.7788,39.6729,36.38085,33.14235,30.18435,27.6777,25.74225,24.4341,23.73795,23.58495,23.85015,24.3729,24.97215,25.4694,25.70145,25.5408,24.9084,23.7813,22.185,0,0,0,0,0,0,0,0,0,0,0,0,0,0,0,0,0,0,0,0,0,0,0,0,0,0,0,0,0,0,0,0,0,0,0,0,0,0,0,0
77.6628,93.7074,110.6598,127.87485,144.56715,159.8799,172.9563,183.03135,189.5109,192.04305,190.5462,185.22945,176.54415,165.14055,151.78365,137.27415,122.3694,107.72985,93.8808,81.2073,69.94905,60.23355,52.0965,45.51495,40.43025,36.76335,34.42755,33.32085,33.3285,34.31025,36.09015,38.45145,41.14425,43.88805,46.39215,48.3888,49.65105,50.01825,49.419,47.8788,45.5073,42.4932,39.08385,35.53935,32.1249,29.06745,26.5506,24.6891,23.52885,23.0418,23.1387,23.6793,24.48,25.347,26.0814,26.5098,26.4945,25.9539,24.8625,23.256,0,0,0,0,0,0,0,0,0,0,0,0,0,0,0,0,0,0,0,0,0,0,0,0,0,0,0,0,0,0,0,0,0,0,0,0,0,0,0,0
75.9135,91.3512,107.5845,123.9708,139.7502,154.09395,166.1886,175.3176,180.9378,182.7432,180.70065,175.0473,166.25745,154.99155,142.00185,128.06865,113.9187,100.1742,87.32475,75.7044,65.51715,56.85735,49.725,44.0793,39.8361,36.9138,35.2155,34.64685,35.09565,36.4293,38.48205,41.0397,43.85745,46.65225,49.14105,51.04845,52.15005,52.2903,51.40545,49.53885,46.818,43.45455,39.7137,35.87595,32.2218,28.99095,26.367,24.46215,23.31465,22.89135,23.0877,23.7456,24.67635,25.66575,26.51235,27.02745,27.0759,26.57355,25.4898,23.868,0,0,0,0,0,0,0,0,0,0,0,0,0,0,0,0,0,0,0,0,0,0,0,0,0,0,0,0,0,0,0,0,0,0,0,0,0,0,0,0
73.7256,88.39065,103.72125,119.1003,133.7985,147.033,158.05155,166.19115,170.9673,172.12245,169.66425,163.85025,155.1675,144.2586,131.85795,118.7127,105.50625,92.82255,81.09765,70.63755,61.6029,54.05235,47.96805,43.28115,39.9024,37.73745,36.69195,36.67155,37.57425,39.2802,41.62365,44.40825,47.38155,50.26815,52.77735,54.6363,55.6155,55.5645,54.42975,52.26225,49.20735,45.4971,41.41455,37.25805,33.3234,29.85285,27.03765,24.98745,23.7354,23.23815,23.38605,24.0108,24.9186,25.89015,26.7189,27.21615,27.24675,26.72145,25.61985,23.9751,0,0,0,0,0,0,0,0,0,0,0,0,0,0,0,0,0,0,0,0,0,0,0,0,0,0,0,0,0,0,0,0,0,0,0,0,0,0,0,0
70.941,84.67275,98.93235,113.14095,126.6126,138.63075,148.5069,155.6469,159.63,160.2471,157.5339,151.76325,143.40945,133.0947,121.5126,109.3644,97.2825,85.8024,75.3168,66.08835,58.24965,51.83385,46.7976,43.0644,40.5348,39.10935,38.6988,39.21645,40.5705,42.64875,45.29565,48.31995,51.47685,54.48585,57.05625,58.905,59.8077,59.6139,58.2726,55.84245,52.49175,48.4602,44.0487,39.576,35.3379,31.5894,28.52175,26.24205,24.77835,24.08475,24.0465,24.4953,25.23225,26.0457,26.7291,27.1014,27.02745,26.42565,25.27305,23.6028,0,0,0,0,0,0,0,0,0,0,0,0,0,0,0,0,0,0,0,0,0,0,0,0,0,0,0,0,0,0,0,0,0,0,0,0,0,0,0,0
67.4781,80.1363,93.18975,106.10295,118.25115,128.99175,137.70765,143.88885,147.16815,147.39,144.6105,139.09995,131.31225,121.82625,111.27945,100.317,89.51265,79.3458,70.16835,62.2047,55.5594,50.2503,46.2213,43.38825,41.64915,40.9122,41.0907,42.1107,43.88805,46.3233,49.2711,52.54275,55.89855,59.058,61.72275,63.60975,64.4895,64.20645,62.7198,60.0933,56.5029,52.20615,47.5116,42.74565,38.2143,34.17765,30.8193,28.25145,26.49195,25.4949,25.14555,25.28325,25.71165,26.23185,26.64495,26.7852,26.52255,25.77795,24.5361,22.8276,0,0,0,0,0,0,0,0,0,0,0,0,0,0,0,0,0,0,0,0,0,0,0,0,0,0,0,0,0,0,0,0,0,0,0,0,0,0,0,0
63.342,74.8272,86.58525,98.13165,108.9207,118.3812,125.9853,131.2944,134.0127,134.0178,131.3811,126.36015,119.36805,110.925,101.6073,91.9836,82.56645,73.77405,65.92005,59.19315,53.68515,49.39605,46.2774,44.23995,43.19445,43.0542,43.7427,45.19875,47.35095,50.11005,53.33835,56.8548,60.42225,63.7551,66.55245,68.52615,69.4416,69.1458,67.59285,64.85415,61.1133,56.63295,51.7293,46.73385,41.9526,37.6431,33.98895,31.09215,28.9731,27.5859,26.81835,26.52255,26.5149,26.60925,26.63475,26.43075,25.8876,24.93645,23.5569,21.78465,0,0,0,0,0,0,0,0,0,0,0,0,0,0,0,0,0,0,0,0,0,0,0,0,0,0,0,0,0,0,0,0,0,0,0,0,0,0,0,0
58.6194,68.8806,79.3152,89.49735,98.9553,107.2071,113.80905,118.39905,120.7374,120.7374,118.47045,114.1686,108.18885,100.9851,93.0495,84.87165,76.8927,69.4773,62.89575,57.31635,52.8207,49.41135,47.04495,45.65265,45.15285,45.4767,46.56555,48.3684,50.82405,53.856,57.33675,61.08525,64.86435,68.391,71.3592,73.4757,74.49825,74.2713,72.75405,70.01535,66.23625,61.68705,56.6814,51.54825,46.59105,42.05715,38.12505,34.8891,32.3697,30.52095,29.24595,28.40445,27.8409,27.3921,26.9076,26.25735,25.33935,24.1026,22.52925,20.6499,0,0,0,0,0,0,0,0,0,0,0,0,0,0,0,0,0,0,0,0,0,0,0,0,0,0,0,0,0,0,0,0,0,0,0,0,0,0,0,0
53.4633,62.50815,71.65755,80.5443,88.77825,95.96415,101.7399,105.8148,108.0027,108.2373,106.5798,103.22145,98.4555,92.64915,86.2053,79.5243,72.981,66.87885,61.45755,56.8701,53.20065,50.46705,48.6489,47.6952,47.55495,48.1797,49.5261,51.55845,54.2334,57.47445,61.1643,65.12445,69.11775,72.8535,76.02825,78.34365,79.5498,79.4937,78.12435,75.51315,71.83605,67.35825,62.38575,57.2373,52.20615,47.5218,43.3551,39.7902,36.8475,34.48875,32.62725,31.1457,29.91915,28.815,27.7083,26.4996,25.11495,23.5059,21.66735,19.6248,0,0,0,0,0,0,0,0,0,0,0,0,0,0,0,0,0,0,0,0,0,0,0,0,0,0,0,0,0,0,0,0,0,0,0,0,0,0,0,0
48.0777,55.97505,63.93615,71.66775,78.8511,85.1751,90.35925,94.17405,96.47415,97.20345,96.4002,94.2021,90.82335,86.5368,81.651,76.4745,71.3031,66.39945,61.965,58.1604,55.0749,52.7646,51.23715,50.4849,50.48235,51.21165,52.6524,54.7842,57.57135,60.94755,64.79805,68.93925,73.13655,77.09925,80.51625,83.0841,84.558,84.77475,83.67825,81.33735,77.9178,73.6695,68.8857,63.8673,58.88205,54.14415,49.80405,45.9408,42.57225,39.6678,37.1586,34.95795,32.9715,31.1049,29.274,27.40485,25.449,23.3784,21.19305,18.9159,0,0,0,0,0,0,0,0,0,0,0,0,0,0,0,0,0,0,0,0,0,0,0,0,0,0,0,0,0,0,0,0,0,0,0,0,0,0,0,0
42.6921,49.55925,56.49015,63.2553,69.61755,75.33975,80.2077,84.05055,86.74845,88.2402,88.53345,87.69705,85.85595,83.181,79.8762,76.1634,72.26445,68.38845,64.73175,61.455,58.68315,56.508,54.99075,54.1671,54.06,54.6822,56.0388,58.12725,60.9144,64.3416,68.28645,72.57555,76.959,81.15375,84.8385,87.71235,89.5305,90.11955,89.42595,87.5007,84.5019,80.65395,76.22715,71.49435,66.69015,62.00835,57.5739,53.45565,49.6689,46.19835,42.99555,40.0095,37.18155,34.46325,31.8087,29.17965,26.5557,23.9292,21.3078,18.70935,0,0,0,0,0,0,0,0,0,0,0,0,0,0,0,0,0,0,0,0,0,0,0,0,0,0,0,0,0,0,0,0,0,0,0,0,0,0,0,0
37.5411,43.5336,49.63065,55.6665,61.4703,66.8763,71.7315,75.9033,79.28715,81.8091,83.42325,84.12705,83.94855,82.9464,81.22005,78.897,76.1328,73.10085,69.9822,66.963,64.209,61.8732,60.07035,58.905,58.446,58.74435,59.8332,61.72275,64.3926,67.77645,71.7519,76.13535,80.682,85.09605,89.0613,92.28195,94.50555,95.56125,95.3853,94.0185,91.596,88.3167,84.4152,80.12355,75.64575,71.13225,66.69015,62.37045,58.191,54.1467,50.22225,46.39725,42.6666,39.0201,35.45775,31.97955,28.59825,25.3215,22.16715,19.1556,0,0,0,0,0,0,0,0,0,0,0,0,0,0,0,0,0,0,0,0,0,0,0,0,0,0,0,0,0,0,0,0,0,0,0,0,0,0,0,0
32.83635,38.14035,43.6254,49.18185,54.7077,60.0933,65.23665,70.03065,74.37585,78.1677,81.3093,83.70375,85.27965,85.98345,85.80495,84.7824,83.00505,80.6157,77.8005,74.77365,71.757,68.96985,66.60855,64.8363,63.78825,63.55365,64.1988,65.7441,68.17425,71.4153,75.3423,79.76145,84.42285,89.0307,93.27135,96.85155,99.5214,101.1126,101.5512,100.86525,99.16185,96.6042,93.3861,89.6886,85.6698,81.4419,77.0814,72.62145,68.08245,63.4746,58.8132,54.12375,49.44195,44.8137,40.2798,35.88615,31.6659,27.65475,23.8782,20.3592,0,0,0,0,0,0,0,0,0,0,0,0,0,0,0,0,0,0,0,0,0,0,0,0,0,0,0,0,0,0,0,0,0,0,0,0,0,0,0,0
28.75125,33.56565,38.6631,43.9926,49.5108,55.15395,60.86085,66.54225,72.08595,77.3568,82.1814,86.38125,89.76765,92.1825,93.5034,93.67935,92.7486,90.8208,88.0923,84.82065,81.29655,77.8107,74.64615,72.04515,70.19895,69.25035,69.29115,70.3545,72.4251,75.4239,79.2132,83.589,88.3014,93.0495,97.52985,101.4543,104.5806,106.743,107.865,107.94915,107.07705,105.36855,102.96645,99.99825,96.5634,92.7282,88.536,84.0021,79.14945,74.00355,68.6154,63.0564,57.4107,51.77265,46.23405,40.87395,35.7612,30.9468,26.469,22.35585,0,0,0,0,0,0,0,0,0,0,0,0,0,0,0,0,0,0,0,0,0,0,0,0,0,0,0,0,0,0,0,0,0,0,0,0,0,0,0,0
25.41585,29.92935,34.8534,40.188,45.9357,52.07865,58.57605,65.35395,72.27975,79.16985,85.78455,91.84845,97.06575,101.1636,103.92015,105.2028,104.9835,103.36425,100.55415,96.85665,92.6313,88.2606,84.11175,80.5035,77.7036,75.89565,75.1995,75.6636,77.26755,79.91955,83.47425,87.7149,92.3865,97.1958,101.84955,106.06725,109.62195,112.353,114.1788,115.08405,115.1172,114.3522,112.8681,110.7312,107.98485,104.63925,100.69695,96.1605,91.0503,85.41225,79.3356,72.93255,66.3408,59.70315,53.15475,46.818,40.78215,35.1237,29.8911,25.11495,0,0,0,0,0,0,0,0,0,0,0,0,0,0,0,0,0,0,0,0,0,0,0,0,0,0,0,0,0,0,0,0,0,0,0,0,0,0,0,0
22.9041,27.28755,32.2218,37.75275,43.91865,50.73735,58.191,66.198,74.61045,83.18865,91.62915,99.55455,106.57215,112.2969,116.41005,118.6974,119.08755,117.66465,114.6582,110.41755,105.3813,100.01355,94.7733,90.0609,86.2053,83.44365,81.9213,81.6918,82.7322,84.9405,88.1535,92.15445,96.67815,101.4441,106.1667,110.59095,114.50265,117.7539,120.26055,121.992,122.95335,123.1752,122.6703,121.43865,119.45475,116.67525,113.05935,108.59175,103.29285,97.23405,90.53265,83.3493,75.87015,68.28645,60.7716,53.48115,46.5375,40.0248,34.00935,28.52685,0,0,0,0,0,0,0,0,0,0,0,0,0,0,0,0,0,0,0,0,0,0,0,0,0,0,0,0,0,0,0,0,0,0,0,0,0,0,0,0
21.23385,25.63005,30.7173,36.57975,43.2888,50.8878,59.37165,68.6562,78.5655,88.8165,99.0267,108.7422,117.4683,124.7205,130.0908,133.29615,134.2167,132.92385,129.6675,124.85055,118.9728,112.5876,106.233,100.3935,95.4567,91.70565,89.30865,88.3269,88.7298,90.4077,93.17955,96.82095,101.07435,105.66435,110.33085,114.83925,119.00085,122.6805,125.79405,128.29815,130.16475,131.3658,131.8554,131.5545,130.37385,128.214,124.9908,120.666,115.26255,108.87225,101.6481,93.789,85.527,77.09415,68.7021,60.5319,52.73145,45.4002,38.6121,32.4156,0,0,0,0,0,0,0,0,0,0,0,0,0,0,0,0,0,0,0,0,0,0,0,0,0,0,0,0,0,0,0,0,0,0,0,0,0,0,0,0
20.37705,24.888,30.2175,36.48285,43.78605,52.18575,61.68705,72.19815,83.51505,95.31645,107.15865,118.51125,128.78775,137.4246,143.9322,147.9612,149.35605,148.1754,144.68445,139.3269,132.66885,125.3325,117.9375,111.02955,105.06,100.34505,97.07595,95.319,95.04105,96.11205,98.3484,101.51805,105.36855,109.6449,114.1074,118.55205,122.8182,126.7962,130.4019,133.5792,136.26945,138.39105,139.8318,140.44635,140.07405,138.5568,135.77475,131.66925,126.25815,119.65365,112.03425,103.64475,94.7478,85.61115,76.4796,67.5546,58.9968,50.92605,43.4214,36.5415,0,0,0,0,0,0,0,0,0,0,0,0,0,0,0,0,0,0,0,0,0,0,0,0,0,0,0,0,0,0,0,0,0,0,0,0,0,0,0,0
20.2623,24.9441,30.5541,37.23,45.09675,54.23085,64.63995,76.2246,88.76805,101.9031,115.14525,127.89525,139.50285,149.33055,156.825,161.58075,163.41165,162.36105,158.7018,152.91585,145.61265,137.4807,129.1932,121.3596,114.47205,108.88245,104.7948,102.2856,101.3064,101.72715,103.34895,105.94485,109.2675,113.0874,117.19035,121.41315,125.6232,129.73635,133.6812,137.3889,140.7702,143.70015,146.0028,147.4665,147.8694,146.99475,144.687,140.8671,135.5529,128.86935,121.0179,112.27395,102.9333,93.2841,83.5941,74.08005,64.9179,56.23005,48.11085,40.6215,0,0,0,0,0,0,0,0,0,0,0,0,0,0,0,0,0,0,0,0,0,0,0,0,0,0,0,0,0,0,0,0,0,0,0,0,0,0,0,0
20.7876,25.653,31.5231,38.556,46.88685,56.6049,67.72545,80.1465,93.63345,107.7987,122.12205,135.9609,148.614,159.39285,167.6931,173.07105,175.30485,174.42255,170.70975,164.65605,156.9117,148.19835,139.2402,130.68495,123.0579,116.7339,111.9348,108.72945,107.0745,106.8246,107.78085,109.7214,112.41165,115.64505,119.2482,123.0885,127.0767,131.14905,135.252,139.31415,143.2182,146.7984,149.8278,152.03355,153.13515,152.87505,151.05435,147.58125,142.47105,135.8538,127.9539,119.06205,109.497,99.55965,89.53305,79.63905,70.0587,60.92205,52.32855,44.3496,0,0,0,0,0,0,0,0,0,0,0,0,0,0,0,0,0,0,0,0,0,0,0,0,0,0,0,0,0,0,0,0,0,0,0,0,0,0,0,0
21.8331,26.85405,32.9154,40.188,48.8223,58.91265,70.4769,83.41815,97.49415,112.31475,127.3317,141.8871,155.2491,166.6986,175.59555,181.4682,184.07175,183.4164,179.7801,173.65755,165.71175,156.68475,147.32115,138.2967,130.152,123.2823,117.912,114.10995,111.83025,110.925,111.2004,112.43715,114.42105,116.97105,119.952,123.2721,126.8778,130.7385,134.8134,139.0311,143.2641,147.3033,150.88605,153.69105,155.3868,155.6775,154.33875,151.2609,146.45415,140.05365,132.29655,123.47865,113.92635,103.95075,93.8298,83.793,74.01375,64.6272,55.7379,47.4249,0,0,0,0,0,0,0,0,0,0,0,0,0,0,0,0,0,0,0,0,0,0,0,0,0,0,0,0,0,0,0,0,0,0,0,0,0,0,0,0
23.26365,28.37385,34.5219,41.8812,50.60475,60.8022,72.49395,85.59075,99.858,114.90555,130.19025,145.05165,158.75025,170.55675,179.81835,186.04545,188.97285,188.598,185.1759,179.19105,171.2988,162.2412,152.76285,143.5446,135.13725,127.93095,122.15775,117.88905,115.0713,113.56425,113.17665,113.69685,114.9387,116.7492,119.02635,121.71915,124.8123,128.30325,132.17415,136.3536,140.70135,144.9981,148.9353,152.16615,154.326,155.08335,154.1985,151.54905,147.13755,141.0966,133.6659,125.14125,115.84395,106.08255,96.12225,86.18745,76.4439,67.0293,58.04565,49.57965,0,0,0,0,0,0,0,0,0,0,0,0,0,0,0,0,0,0,0,0,0,0,0,0,0,0,0,0,0,0,0,0,0,0,0,0,0,0,0,0
24.9441,30.0543,36.1539,43.41375,51.99705,62.00835,73.48845,86.35575,100.3935,115.22685,130.3356,145.0746,158.72475,170.5644,179.9433,186.37185,189.567,189.5058,186.41775,180.76695,173.17305,164.36025,155.0553,145.9212,137.50365,130.1877,124.19775,119.6103,116.36925,114.342,113.34495,113.1843,113.69175,114.74745,116.2851,118.2894,120.7782,123.77445,127.28325,131.2434,135.5121,139.8522,143.9475,147.4206,149.8941,151.01865,150.5418,148.33095,144.38355,138.82965,131.89365,123.8637,115.0458,105.7332,96.1809,86.5878,77.11965,67.89885,59.0325,50.6175,0,0,0,0,0,0,0,0,0,0,0,0,0,0,0,0,0,0,0,0,0,0,0,0,0,0,0,0,0,0,0,0,0,0,0,0,0,0,0,0
26.73165,31.7424,37.64565,44.61735,52.8156,62.3577,73.28955,85.5525,98.95275,113.1486,127.65555,141.86415,155.091,166.6425,175.89135,182.35305,185.73945,186.00465,183.3501,178.19145,171.11265,162.78945,153.91545,145.1256,136.935,129.7236,123.70815,118.9575,115.4283,112.98795,111.46815,110.69295,110.5221,110.86125,111.67215,112.9701,114.8061,117.2286,120.26055,123.85095,127.85955,132.0543,136.1088,139.6482,142.28235,143.66445,143.5344,141.75705,138.31965,133.3446,127.041,119.67405,111.5319,102.87975,93.94455,84.91755,75.939,67.12875,58.5888,50.4186,0,0,0,0,0,0,0,0,0,0,0,0,0,0,0,0,0,0,0,0,0,0,0,0,0,0,0,0,0,0,0,0,0,0,0,0,0,0,0,0
28.49625,33.29535,38.86455,45.36705,52.9584,61.76355,71.84625,83.16825,95.5689,108.74985,122.27505,135.58605,148.05045,159.0231,167.9073,174.2364,177.72225,178.3011,176.13105,171.5844,165.1839,157.5492,149.32035,141.08895,133.3395,126.42645,120.5589,115.80315,112.12095,109.39245,107.4621,106.17945,105.4221,105.1161,105.2589,105.8862,107.07195,108.885,111.36615,114.4746,118.08795,121.97415,125.8221,129.2595,131.91405,133.4415,133.58685,132.21495,129.31305,124.97805,119.4012,112.8273,105.5037,97.6752,89.5356,81.2532,72.9504,64.7394,56.712,48.97275,0,0,0,0,0,0,0,0,0,0,0,0,0,0,0,0,0,0,0,0,0,0,0,0,0,0,0,0,0,0,0,0,0,0,0,0,0,0,0,0
30.1002,34.59585,39.7035,45.5787,52.377,60.231,69.2172,79.32795,90.4383,102.30345,114.5358,126.6483,138.06975,148.21365,156.5241,162.56505,166.0509,166.90005,165.23235,161.3589,155.7438,148.93785,141.5097,134.0025,126.8574,120.4059,114.8367,110.2212,106.5237,103.6371,101.42625,99.756,98.52945,97.69305,97.2621,97.29015,97.87155,99.09045,100.99275,103.5606,106.67925,110.13705,113.6433,116.84865,119.3961,120.96435,121.3137,120.309,117.92985,114.2604,109.4664,103.75695,97.35135,90.45105,83.232,75.82425,68.34,60.8736,53.51685,46.3641,0,0,0,0,0,0,0,0,0,0,0,0,0,0,0,0,0,0,0,0,0,0,0,0,0,0,0,0,0,0,0,0,0,0,0,0,0,0,0,0
31.4262,35.5317,40.0809,45.21405,51.0867,57.834,65.55285,74.2611,83.8797,94.20975,104.93505,115.6323,125.8017,134.92305,142.494,148.10655,151.49295,152.54865,151.3578,148.17795,143.39415,137.4858,130.9578,124.2819,117.85845,111.9858,106.8399,102.4845,98.8941,95.9769,93.6156,91.6929,90.1323,88.89555,88.0107,87.54915,87.6078,88.281,89.62485,91.63425,94.20975,97.16775,100.2405,103.1118,105.45525,106.9776,107.457,106.76595,104.8815,101.8674,97.86135,93.0444,87.5925,81.67905,75.4392,68.9877,62.41125,55.794,49.21755,42.77115,0,0,0,0,0,0,0,0,0,0,0,0,0,0,0,0,0,0,0,0,0,0,0,0,0,0,0,0,0,0,0,0,0,0,0,0,0,0,0,0
32.35695,36.01875,39.9432,44.26545,49.1334,54.6924,61.0521,68.26095,76.2807,84.96345,94.0593,103.21635,112.00875,119.9775,126.6891,131.76615,134.9562,136.1445,135.3795,132.85755,128.89995,123.90705,118.3098,112.51875,106.88325,101.66595,97.0275,93.0291,89.6529,86.8173,84.42795,82.3854,80.62335,79.1265,77.9229,77.0916,76.7346,76.9437,77.7852,79.2591,81.29145,83.71905,86.30985,88.78845,90.8616,92.2692,92.8149,92.3814,90.9381,88.53855,85.2924,81.34245,76.83405,71.8998,66.65445,61.1796,55.5492,49.8321,44.0997,38.4387,0,0,0,0,0,0,0,0,0,0,0,0,0,0,0,0,0,0,0,0,0,0,0,0,0,0,0,0,0,0,0,0,0,0,0,0,0,0,0,0
32.79555,35.9805,39.25725,42.7482,46.5987,50.9592,55.9521,61.65135,68.0595,75.0822,82.5231,90.10425,97.4712,104.23635,110.0172,114.4848,117.3969,118.63875,118.2231,116.29785,113.11545,109.00485,104.3205,99.4143,94.5846,90.05835,85.97835,82.4007,79.3152,76.6581,74.3478,72.30015,70.46925,68.84235,67.4526,66.3816,65.72115,65.5656,65.9838,66.9834,68.50575,70.4157,72.51945,74.57985,76.34445,77.59395,78.1524,77.91525,76.85445,75.0057,72.4557,69.31155,65.688,61.68705,57.39285,52.86915,48.1746,43.3602,38.4897,33.64215,0,0,0,0,0,0,0,0,0,0,0,0,0,0,0,0,0,0,0,0,0,0,0,0,0,0,0,0,0,0,0,0,0,0,0,0,0,0,0,0
32.6757,35.37615,38.0154,40.70055,43.5744,46.78995,50.48235,54.7485,59.62155,65.0505,70.90275,76.95645,82.92855,88.4952,93.33,97.14735,99.7254,100.94685,100.79895,99.3837,96.8949,93.5901,89.76255,85.7004,81.65355,77.8158,74.30955,71.1909,68.4522,66.0399,63.8928,61.94205,60.14685,58.50465,57.05115,55.8552,55.0086,54.59805,54.68475,55.28655,56.3601,57.7983,59.4405,61.09035,62.5413,63.60465,64.13505,64.04325,63.2961,61.92165,59.97855,57.55095,54.723,51.5712,48.15165,44.51535,40.70055,36.7506,32.71905,28.67475,0,0,0,0,0,0,0,0,0,0,0,0,0,0,0,0,0,0,0,0,0,0,0,0,0,0,0,0,0,0,0,0,0,0,0,0,0,0,0,0
31.95915,34.1904,36.2304,38.17605,40.1625,42.3453,44.8647,47.83545,51.3162,55.29675,59.6904,64.33395,69.003,73.4349,77.3568,80.5188,82.72965,83.86695,83.9052,82.9056,81.0084,78.4176,75.36015,72.07065,68.7531,65.5707,62.63055,59.976,57.60705,55.488,53.56275,51.77775,50.10495,48.5418,47.12145,45.90765,44.9769,44.4057,44.2578,44.55105,45.2523,46.2825,47.51415,48.78915,49.9392,50.8113,51.28815,51.2907,50.7909,49.80405,48.3735,46.5579,44.41845,42.0036,39.3567,36.5109,33.4917,30.3348,27.08355,23.7966,0,0,0,0,0,0,0,0,0,0,0,0,0,0,0,0,0,0,0,0,0,0,0,0,0,0,0,0,0,0,0,0,0,0,0,0,0,0,0,0
30.6459,32.44365,33.94815,35.24865,36.47265,37.76805,39.28275,41.1417,43.4265,46.1499,49.2711,52.67025,56.17395,59.57565,62.6535,65.19075,67.02165,68.034,68.1819,67.5036,66.096,64.10955,61.72275,59.1141,56.45445,53.87385,51.46155,49.25835,47.26425,45.45375,43.78605,42.21525,40.72095,39.30315,37.9899,36.83475,35.904,35.26395,34.96815,35.037,35.4501,36.1488,37.03365,37.9797,38.85945,39.5505,39.9585,40.01715,39.7035,39.0252,38.00775,36.69195,35.12115,33.32595,31.3344,29.16435,26.83875,24.3831,21.828,19.22445,0,0,0,0,0,0,0,0,0,0,0,0,0,0,0,0,0,0,0,0,0,0,0,0,0,0,0,0,0,0,0,0,0,0,0,0,0,0,0,0
0,0,0,0,0,0,0,0,0,0,0,0,0,0,0,0,0,0,0,0,0,0,0,0,0,0,0,0,0,0,0,0,0,0,0,0,0,0,0,0,0,0,0,0,0,0,0,0,0,0,0,0,0,0,0,0,0,0,0,0,0,0,0,0,0,0,0,0,0,0,0,0,0,0,0,0,0,0,0,0,0,0,0,0,0,0,0,0,0,0,0,0,0,0,0,0,0,0,0,0
0,0,0,0,0,0,0,0,0,0,0,0,0,0,0,0,0,0,0,0,0,0,0,0,0,0,0,0,0,0,0,0,0,0,0,0,0,0,0,0,0,0,0,0,0,0,0,0,0,0,0,0,0,0,0,0,0,0,0,0,0,0,0,0,0,0,0,0,0,0,0,0,0,0,0,0,0,0,0,0,0,0,0,0,0,0,0,0,0,0,0,0,0,0,0,0,0,0,0,0
0,0,0,0,0,0,0,0,0,0,0,0,0,0,0,0,0,0,0,0,0,0,0,0,0,0,0,0,0,0,0,0,0,0,0,0,0,0,0,0,0,0,0,0,0,0,0,0,0,0,0,0,0,0,0,0,0,0,0,0,0,0,0,0,0,0,0,0,0,0,0,0,0,0,0,0,0,0,0,0,0,0,0,0,0,0,0,0,0,0,0,0,0,0,0,0,0,0,0,0
0,0,0,0,0,0,0,0,0,0,0,0,0,0,0,0,0,0,0,0,0,0,0,0,0,0,0,0,0,0,0,0,0,0,0,0,0,0,0,0,0,0,0,0,0,0,0,0,0,0,0,0,0,0,0,0,0,0,0,0,0,0,0,0,0,0,0,0,0,0,0,0,0,0,0,0,0,0,0,0,0,0,0,0,0,0,0,0,0,0,0,0,0,0,0,0,0,0,0,0
0,0,0,0,0,0,0,0,0,0,0,0,0,0,0,0,0,0,0,0,0,0,0,0,0,0,0,0,0,0,0,0,0,0,0,0,0,0,0,0,0,0,0,0,0,0,0,0,0,0,0,0,0,0,0,0,0,0,0,0,0,0,0,0,0,0,0,0,0,0,0,0,0,0,0,0,0,0,0,0,0,0,0,0,0,0,0,0,0,0,0,0,0,0,0,0,0,0,0,0
0,0,0,0,0,0,0,0,0,0,0,0,0,0,0,0,0,0,0,0,0,0,0,0,0,0,0,0,0,0,0,0,0,0,0,0,0,0,0,0,0,0,0,0,0,0,0,0,0,0,0,0,0,0,0,0,0,0,0,0,0,0,0,0,0,0,0,0,0,0,0,0,0,0,0,0,0,0,0,0,0,0,0,0,0,0,0,0,0,0,0,0,0,0,0,0,0,0,0,0
0,0,0,0,0,0,0,0,0,0,0,0,0,0,0,0,0,0,0,0,0,0,0,0,0,0,0,0,0,0,0,0,0,0,0,0,0,0,0,0,0,0,0,0,0,0,0,0,0,0,0,0,0,0,0,0,0,0,0,0,0,0,0,0,0,0,0,0,0,0,0,0,0,0,0,0,0,0,0,0,0,0,0,0,0,0,0,0,0,0,0,0,0,0,0,0,0,0,0,0
0,0,0,0,0,0,0,0,0,0,0,0,0,0,0,0,0,0,0,0,0,0,0,0,0,0,0,0,0,0,0,0,0,0,0,0,0,0,0,0,0,0,0,0,0,0,0,0,0,0,0,0,0,0,0,0,0,0,0,0,0,0,0,0,0,0,0,0,0,0,0,0,0,0,0,0,0,0,0,0,0,0,0,0,0,0,0,0,0,0,0,0,0,0,0,0,0,0,0,0
0,0,0,0,0,0,0,0,0,0,0,0,0,0,0,0,0,0,0,0,0,0,0,0,0,0,0,0,0,0,0,0,0,0,0,0,0,0,0,0,0,0,0,0,0,0,0,0,0,0,0,0,0,0,0,0,0,0,0,0,0,0,0,0,0,0,0,0,0,0,0,0,0,0,0,0,0,0,0,0,0,0,0,0,0,0,0,0,0,0,0,0,0,0,0,0,0,0,0,0
0,0,0,0,0,0,0,0,0,0,0,0,0,0,0,0,0,0,0,0,0,0,0,0,0,0,0,0,0,0,0,0,0,0,0,0,0,0,0,0,0,0,0,0,0,0,0,0,0,0,0,0,0,0,0,0,0,0,0,0,0,0,0,0,0,0,0,0,0,0,0,0,0,0,0,0,0,0,0,0,0,0,0,0,0,0,0,0,0,0,0,0,0,0,0,0,0,0,0,0
0,0,0,0,0,0,0,0,0,0,0,0,0,0,0,0,0,0,0,0,0,0,0,0,0,0,0,0,0,0,0,0,0,0,0,0,0,0,0,0,0,0,0,0,0,0,0,0,0,0,0,0,0,0,0,0,0,0,0,0,0,0,0,0,0,0,0,0,0,0,0,0,0,0,0,0,0,0,0,0,0,0,0,0,0,0,0,0,0,0,0,0,0,0,0,0,0,0,0,0
0,0,0,0,0,0,0,0,0,0,0,0,0,0,0,0,0,0,0,0,0,0,0,0,0,0,0,0,0,0,0,0,0,0,0,0,0,0,0,0,0,0,0,0,0,0,0,0,0,0,0,0,0,0,0,0,0,0,0,0,0,0,0,0,0,0,0,0,0,0,0,0,0,0,0,0,0,0,0,0,0,0,0,0,0,0,0,0,0,0,0,0,0,0,0,0,0,0,0,0
0,0,0,0,0,0,0,0,0,0,0,0,0,0,0,0,0,0,0,0,0,0,0,0,0,0,0,0,0,0,0,0,0,0,0,0,0,0,0,0,0,0,0,0,0,0,0,0,0,0,0,0,0,0,0,0,0,0,0,0,0,0,0,0,0,0,0,0,0,0,0,0,0,0,0,0,0,0,0,0,0,0,0,0,0,0,0,0,0,0,0,0,0,0,0,0,0,0,0,0
0,0,0,0,0,0,0,0,0,0,0,0,0,0,0,0,0,0,0,0,0,0,0,0,0,0,0,0,0,0,0,0,0,0,0,0,0,0,0,0,0,0,0,0,0,0,0,0,0,0,0,0,0,0,0,0,0,0,0,0,0,0,0,0,0,0,0,0,0,0,0,0,0,0,0,0,0,0,0,0,0,0,0,0,0,0,0,0,0,0,0,0,0,0,0,0,0,0,0,0
0,0,0,0,0,0,0,0,0,0,0,0,0,0,0,0,0,0,0,0,0,0,0,0,0,0,0,0,0,0,0,0,0,0,0,0,0,0,0,0,0,0,0,0,0,0,0,0,0,0,0,0,0,0,0,0,0,0,0,0,0,0,0,0,0,0,0,0,0,0,0,0,0,0,0,0,0,0,0,0,0,0,0,0,0,0,0,0,0,0,0,0,0,0,0,0,0,0,0,0
0,0,0,0,0,0,0,0,0,0,0,0,0,0,0,0,0,0,0,0,0,0,0,0,0,0,0,0,0,0,0,0,0,0,0,0,0,0,0,0,0,0,0,0,0,0,0,0,0,0,0,0,0,0,0,0,0,0,0,0,0,0,0,0,0,0,0,0,0,0,0,0,0,0,0,0,0,0,0,0,0,0,0,0,0,0,0,0,0,0,0,0,0,0,0,0,0,0,0,0
0,0,0,0,0,0,0,0,0,0,0,0,0,0,0,0,0,0,0,0,0,0,0,0,0,0,0,0,0,0,0,0,0,0,0,0,0,0,0,0,0,0,0,0,0,0,0,0,0,0,0,0,0,0,0,0,0,0,0,0,0,0,0,0,0,0,0,0,0,0,0,0,0,0,0,0,0,0,0,0,0,0,0,0,0,0,0,0,0,0,0,0,0,0,0,0,0,0,0,0
0,0,0,0,0,0,0,0,0,0,0,0,0,0,0,0,0,0,0,0,0,0,0,0,0,0,0,0,0,0,0,0,0,0,0,0,0,0,0,0,0,0,0,0,0,0,0,0,0,0,0,0,0,0,0,0,0,0,0,0,0,0,0,0,0,0,0,0,0,0,0,0,0,0,0,0,0,0,0,0,0,0,0,0,0,0,0,0,0,0,0,0,0,0,0,0,0,0,0,0
0,0,0,0,0,0,0,0,0,0,0,0,0,0,0,0,0,0,0,0,0,0,0,0,0,0,0,0,0,0,0,0,0,0,0,0,0,0,0,0,0,0,0,0,0,0,0,0,0,0,0,0,0,0,0,0,0,0,0,0,0,0,0,0,0,0,0,0,0,0,0,0,0,0,0,0,0,0,0,0,0,0,0,0,0,0,0,0,0,0,0,0,0,0,0,0,0,0,0,0
0,0,0,0,0,0,0,0,0,0,0,0,0,0,0,0,0,0,0,0,0,0,0,0,0,0,0,0,0,0,0,0,0,0,0,0,0,0,0,0,0,0,0,0,0,0,0,0,0,0,0,0,0,0,0,0,0,0,0,0,0,0,0,0,0,0,0,0,0,0,0,0,0,0,0,0,0,0,0,0,0,0,0,0,0,0,0,0,0,0,0,0,0,0,0,0,0,0,0,0
0,0,0,0,0,0,0,0,0,0,0,0,0,0,0,0,0,0,0,0,0,0,0,0,0,0,0,0,0,0,0,0,0,0,0,0,0,0,0,0,0,0,0,0,0,0,0,0,0,0,0,0,0,0,0,0,0,0,0,0,0,0,0,0,0,0,0,0,0,0,0,0,0,0,0,0,0,0,0,0,0,0,0,0,0,0,0,0,0,0,0,0,0,0,0,0,0,0,0,0
0,0,0,0,0,0,0,0,0,0,0,0,0,0,0,0,0,0,0,0,0,0,0,0,0,0,0,0,0,0,0,0,0,0,0,0,0,0,0,0,0,0,0,0,0,0,0,0,0,0,0,0,0,0,0,0,0,0,0,0,0,0,0,0,0,0,0,0,0,0,0,0,0,0,0,0,0,0,0,0,0,0,0,0,0,0,0,0,0,0,0,0,0,0,0,0,0,0,0,0
0,0,0,0,0,0,0,0,0,0,0,0,0,0,0,0,0,0,0,0,0,0,0,0,0,0,0,0,0,0,0,0,0,0,0,0,0,0,0,0,0,0,0,0,0,0,0,0,0,0,0,0,0,0,0,0,0,0,0,0,0,0,0,0,0,0,0,0,0,0,0,0,0,0,0,0,0,0,0,0,0,0,0,0,0,0,0,0,0,0,0,0,0,0,0,0,0,0,0,0
0,0,0,0,0,0,0,0,0,0,0,0,0,0,0,0,0,0,0,0,0,0,0,0,0,0,0,0,0,0,0,0,0,0,0,0,0,0,0,0,0,0,0,0,0,0,0,0,0,0,0,0,0,0,0,0,0,0,0,0,0,0,0,0,0,0,0,0,0,0,0,0,0,0,0,0,0,0,0,0,0,0,0,0,0,0,0,0,0,0,0,0,0,0,0,0,0,0,0,0
0,0,0,0,0,0,0,0,0,0,0,0,0,0,0,0,0,0,0,0,0,0,0,0,0,0,0,0,0,0,0,0,0,0,0,0,0,0,0,0,0,0,0,0,0,0,0,0,0,0,0,0,0,0,0,0,0,0,0,0,0,0,0,0,0,0,0,0,0,0,0,0,0,0,0,0,0,0,0,0,0,0,0,0,0,0,0,0,0,0,0,0,0,0,0,0,0,0,0,0
0,0,0,0,0,0,0,0,0,0,0,0,0,0,0,0,0,0,0,0,0,0,0,0,0,0,0,0,0,0,0,0,0,0,0,0,0,0,0,0,0,0,0,0,0,0,0,0,0,0,0,0,0,0,0,0,0,0,0,0,0,0,0,0,0,0,0,0,0,0,0,0,0,0,0,0,0,0,0,0,0,0,0,0,0,0,0,0,0,0,0,0,0,0,0,0,0,0,0,0
0,0,0,0,0,0,0,0,0,0,0,0,0,0,0,0,0,0,0,0,0,0,0,0,0,0,0,0,0,0,0,0,0,0,0,0,0,0,0,0,0,0,0,0,0,0,0,0,0,0,0,0,0,0,0,0,0,0,0,0,0,0,0,0,0,0,0,0,0,0,0,0,0,0,0,0,0,0,0,0,0,0,0,0,0,0,0,0,0,0,0,0,0,0,0,0,0,0,0,0
0,0,0,0,0,0,0,0,0,0,0,0,0,0,0,0,0,0,0,0,0,0,0,0,0,0,0,0,0,0,0,0,0,0,0,0,0,0,0,0,0,0,0,0,0,0,0,0,0,0,0,0,0,0,0,0,0,0,0,0,0,0,0,0,0,0,0,0,0,0,0,0,0,0,0,0,0,0,0,0,0,0,0,0,0,0,0,0,0,0,0,0,0,0,0,0,0,0,0,0
0,0,0,0,0,0,0,0,0,0,0,0,0,0,0,0,0,0,0,0,0,0,0,0,0,0,0,0,0,0,0,0,0,0,0,0,0,0,0,0,0,0,0,0,0,0,0,0,0,0,0,0,0,0,0,0,0,0,0,0,0,0,0,0,0,0,0,0,0,0,0,0,0,0,0,0,0,0,0,0,0,0,0,0,0,0,0,0,0,0,0,0,0,0,0,0,0,0,0,0
0,0,0,0,0,0,0,0,0,0,0,0,0,0,0,0,0,0,0,0,0,0,0,0,0,0,0,0,0,0,0,0,0,0,0,0,0,0,0,0,0,0,0,0,0,0,0,0,0,0,0,0,0,0,0,0,0,0,0,0,0,0,0,0,0,0,0,0,0,0,0,0,0,0,0,0,0,0,0,0,0,0,0,0,0,0,0,0,0,0,0,0,0,0,0,0,0,0,0,0
0,0,0,0,0,0,0,0,0,0,0,0,0,0,0,0,0,0,0,0,0,0,0,0,0,0,0,0,0,0,0,0,0,0,0,0,0,0,0,0,0,0,0,0,0,0,0,0,0,0,0,0,0,0,0,0,0,0,0,0,0,0,0,0,0,0,0,0,0,0,0,0,0,0,0,0,0,0,0,0,0,0,0,0,0,0,0,0,0,0,0,0,0,0,0,0,0,0,0,0
0,0,0,0,0,0,0,0,0,0,0,0,0,0,0,0,0,0,0,0,0,0,0,0,0,0,0,0,0,0,0,0,0,0,0,0,0,0,0,0,0,0,0,0,0,0,0,0,0,0,0,0,0,0,0,0,0,0,0,0,0,0,0,0,0,0,0,0,0,0,0,0,0,0,0,0,0,0,0,0,0,0,0,0,0,0,0,0,0,0,0,0,0,0,0,0,0,0,0,0
0,0,0,0,0,0,0,0,0,0,0,0,0,0,0,0,0,0,0,0,0,0,0,0,0,0,0,0,0,0,0,0,0,0,0,0,0,0,0,0,0,0,0,0,0,0,0,0,0,0,0,0,0,0,0,0,0,0,0,0,0,0,0,0,0,0,0,0,0,0,0,0,0,0,0,0,0,0,0,0,0,0,0,0,0,0,0,0,0,0,0,0,0,0,0,0,0,0,0,0
0,0,0,0,0,0,0,0,0,0,0,0,0,0,0,0,0,0,0,0,0,0,0,0,0,0,0,0,0,0,0,0,0,0,0,0,0,0,0,0,0,0,0,0,0,0,0,0,0,0,0,0,0,0,0,0,0,0,0,0,0,0,0,0,0,0,0,0,0,0,0,0,0,0,0,0,0,0,0,0,0,0,0,0,0,0,0,0,0,0,0,0,0,0,0,0,0,0,0,0
0,0,0,0,0,0,0,0,0,0,0,0,0,0,0,0,0,0,0,0,0,0,0,0,0,0,0,0,0,0,0,0,0,0,0,0,0,0,0,0,0,0,0,0,0,0,0,0,0,0,0,0,0,0,0,0,0,0,0,0,0,0,0,0,0,0,0,0,0,0,0,0,0,0,0,0,0,0,0,0,0,0,0,0,0,0,0,0,0,0,0,0,0,0,0,0,0,0,0,0
0,0,0,0,0,0,0,0,0,0,0,0,0,0,0,0,0,0,0,0,0,0,0,0,0,0,0,0,0,0,0,0,0,0,0,0,0,0,0,0,0,0,0,0,0,0,0,0,0,0,0,0,0,0,0,0,0,0,0,0,0,0,0,0,0,0,0,0,0,0,0,0,0,0,0,0,0,0,0,0,0,0,0,0,0,0,0,0,0,0,0,0,0,0,0,0,0,0,0,0
0,0,0,0,0,0,0,0,0,0,0,0,0,0,0,0,0,0,0,0,0,0,0,0,0,0,0,0,0,0,0,0,0,0,0,0,0,0,0,0,0,0,0,0,0,0,0,0,0,0,0,0,0,0,0,0,0,0,0,0,0,0,0,0,0,0,0,0,0,0,0,0,0,0,0,0,0,0,0,0,0,0,0,0,0,0,0,0,0,0,0,0,0,0,0,0,0,0,0,0
0,0,0,0,0,0,0,0,0,0,0,0,0,0,0,0,0,0,0,0,0,0,0,0,0,0,0,0,0,0,0,0,0,0,0,0,0,0,0,0,0,0,0,0,0,0,0,0,0,0,0,0,0,0,0,0,0,0,0,0,0,0,0,0,0,0,0,0,0,0,0,0,0,0,0,0,0,0,0,0,0,0,0,0,0,0,0,0,0,0,0,0,0,0,0,0,0,0,0,0
0,0,0,0,0,0,0,0,0,0,0,0,0,0,0,0,0,0,0,0,0,0,0,0,0,0,0,0,0,0,0,0,0,0,0,0,0,0,0,0,0,0,0,0,0,0,0,0,0,0,0,0,0,0,0,0,0,0,0,0,0,0,0,0,0,0,0,0,0,0,0,0,0,0,0,0,0,0,0,0,0,0,0,0,0,0,0,0,0,0,0,0,0,0,0,0,0,0,0,0
0,0,0,0,0,0,0,0,0,0,0,0,0,0,0,0,0,0,0,0,0,0,0,0,0,0,0,0,0,0,0,0,0,0,0,0,0,0,0,0,0,0,0,0,0,0,0,0,0,0,0,0,0,0,0,0,0,0,0,0,0,0,0,0,0,0,0,0,0,0,0,0,0,0,0,0,0,0,0,0,0,0,0,0,0,0,0,0,0,0,0,0,0,0,0,0,0,0,0,0
